query_id,img_id,hinglish_text,canonical_claim,label,verification_target,query_image_path,normalized_evidence_url,ground_truth_evidence_doc_id,gt_has_text,gt_has_image,gt_has_both,gt_url,gt_url_class,gt_text_indexable,split_v3,prior_split_v2,final_split_v5,final_split_v6,final_split_v7
hmx-0000,41,Jagannath Puri temple ka khazana vault 46 saal baad khula: Secret chamber ke andar kya hai?,Puri Jagannath Temple's Ratna Bhandar opens after 46 years: What's inside?,real,SUPPORTED,query_images\hmx-0000.png,https://www.business-standard.com/india-news/puri-jagannath-temple-s-ratna-bhandar-opens-after-46-years-what-s-inside-124071500727_1.html,evdoc-395425c84d623f3b,True,True,True,https://www.business-standard.com/india-news/puri-jagannath-temple-s-ratna-bhandar-opens-after-46-years-what-s-inside-124071500727_1.html,article_like,True,dev,train,train,train,test
hmx-0001,42,Saudi Arabia shuru kar raha hai 'duniya ki sabse badi building' ka construction jo 20 Empire States ko fit kar sakti hai.,Saudi Arabia begins construction of the 'world's largest building' that could fit 20 Empire States inside,real,SUPPORTED,query_images\hmx-0001.png,https://www.hindustantimes.com/trending/saudi-arabia-begins-construction-of-the-worlds-largest-building-that-could-fit-20-empire-states-inside-101729851992349.html,evdoc-1de316508e67d9cc,True,True,True,https://www.hindustantimes.com/trending/saudi-arabia-begins-construction-of-the-worlds-largest-building-that-could-fit-20-empire-states-inside-101729851992349.html,article_like,True,dev,train,train,test,retired_prior
hmx-0003,45,"Inside Out duniya ki sabse zyada kamai karne wali animated film ban gayi hai, aur latest OTT release Disney+Hotstar",Inside Out 2 Box Office: Ananya Panday voiced animation flick earns nearly Rs 8 crore over the weekend,real,SUPPORTED,query_images\hmx-0003.png,https://timesofindia.indiatimes.com/entertainment/english/hollywood/box-office/inside-out-2-box-office-ananya-panday-voiced-animation-flick-earns-nearly-rs-8-crore-over-the-weekend/articleshow/111052538.cms,evdoc-096a4f7774ec2e3e,True,True,True,https://timesofindia.indiatimes.com/entertainment/english/hollywood/box-office/inside-out-2-box-office-ananya-panday-voiced-animation-flick-earns-nearly-rs-8-crore-over-the-weekend/articleshow/111052538.cms,article_like,True,dev,train,train,test,retired_prior
hmx-0005,47,Illegal Bangladeshi migrant ko Saif Ali Khan par hamla karne ke liye arrest kiya gaya: India aane ke baad Hindu naam adopt kiya.,"Cops Say Saif Attacker Is Bangladeshi, Changed Name After Coming To India",real,SUPPORTED,query_images\hmx-0005.png,https://www.ndtv.com/india-news/saif-ali-khan-stabbing-cops-suspect-saif-attacker-is-bangladeshi-came-to-mumbai-5-months-ago-7507481,evdoc-eec049bf32cbb114,True,True,True,https://www.ndtv.com/india-news/saif-ali-khan-stabbing-cops-suspect-saif-attacker-is-bangladeshi-came-to-mumbai-5-months-ago-7507481,article_like,True,train,train,test,retired_v5_test,retired_prior
hmx-0006,48,Britannia Croissants ne install kiye 'edible billboards' iss Valentines un logon ke liye jo IN situations se relate karte hain.,Britannia Treat Croissant spreads Valentine’s joy with outdoor activation,real,SUPPORTED,query_images\hmx-0006.png,https://mediabrief.com/britannia-treat-croissant-valentines-week,evdoc-473fe2019afe9794,True,True,True,https://mediabrief.com/britannia-treat-croissant-valentines-week,article_like,True,test,train,train,train,dev
hmx-0007,49,"54% Delhi NCR residents ko bukhar, sardi aur khansi hai: H1N1 virus tezii se phail raha hai.",54% Households In Delhi-NCR Report Flu Symptoms; Here's How To Stay Saf,real,SUPPORTED,query_images\hmx-0007.png,https://www.ndtv.com/health/54-households-in-delhi-ncr-report-flu-symptoms-heres-how-to-stay-safe-7862748,evdoc-3d1ff03f2083a34b,True,True,True,https://www.ndtv.com/health/54-households-in-delhi-ncr-report-flu-symptoms-heres-how-to-stay-safe-7862748,article_like,True,dev,train,train,test,retired_prior
hmx-0008,51,"China ne Pakistan mein operations roke, Islamabad ke paas suicide blast mein 5 Chineese nagrik mare gaye.",Five Chinese nationals among six killed in suicide bomb attack in Pakistan,real,SUPPORTED,query_images\hmx-0008.png,https://www.aljazeera.com/news/2024/3/26/five-chinese-nationals-killed-in-suicide-bomb-attack-in-pakistan-police,evdoc-463be65969769247,True,True,True,https://www.aljazeera.com/news/2024/3/26/five-chinese-nationals-killed-in-suicide-bomb-attack-in-pakistan-police,article_like,True,test,train,train,train,dev
hmx-0009,52,CBSE Class 12 result DECLARE ho gaya hai. 87.98% students ne board exam pass kar liya hai.,Over 54% Delhi‑NCR households report flu symptoms,real,SUPPORTED,query_images\hmx-0009.png,https://www.indiatoday.in/health/story/delhi-ncr-54-percent-households-report-seasonal-covid-like-flu-symptoms-2690876-2025-03-08,evdoc-2dc4bed89c380422,True,True,True,https://www.indiatoday.in/health/story/delhi-ncr-54-percent-households-report-seasonal-covid-like-flu-symptoms-2690876-2025-03-08,article_like,True,dev,test,train,train,train
hmx-0010,53,Work break ke dauran SEX karo: Vladimir Putin ne Russians se population badhane ke liye kaha.,"Vladimir Putin wants Russians to have sex during work breaks amid declining birthrate, says fate of Russia depends on it",real,SUPPORTED,query_images\hmx-0010.png,https://economictimes.indiatimes.com/news/international/world-news/vladimir-putin-wants-russians-to-have-sex-during-work-breaks-says-fate-of-russia-depends-on-it/articleshow/113417026.cms?from=mdr,evdoc-76f83d332fb3709c,True,True,True,https://economictimes.indiatimes.com/news/international/world-news/vladimir-putin-wants-russians-to-have-sex-during-work-breaks-says-fate-of-russia-depends-on-it/articleshow/113417026.cms?from=mdr,article_like,True,test,train,train,train,test
hmx-0013,56,Pune mein ek pull collapse hone se 5 logon ki maut ki aashanka hai aur 25+ lapata hai aur 32 ghayal hai.,"Pune Indrayani river bridge collapse: 4 dead, over 30 injured",fake,CONTRADICTED,query_images\hmx-0013.png,https://economictimes.indiatimes.com/news/india/pune-bridge-collapses-over-indrayani-river-ndrf-begins-rescue-as-several-feared-trapped/articleshow/121862366.cms?from=mdr,evdoc-a86f767071053b9d,True,True,True,https://economictimes.indiatimes.com/news/india/pune-bridge-collapses-over-indrayani-river-ndrf-begins-rescue-as-several-feared-trapped/articleshow/121862366.cms?from=mdr,article_like,True,train,train,train,train,train
hmx-0014,57,"Gangster se 5 baar vidhayak bane, Mukhtar Ansari ki jail mein 'mujhe zahar diya gaya tha' ke daave ke baad maut.","Mukhtar Ansari died of heart attack, not slow poisoning: Report",fake,CONTRADICTED,query_images\hmx-0014.png,https://www.indiatoday.in/india/story/mukhtar-ansari-death-due-of-heart-attack-confirms-banda-dm-report-reject-slow-poisoning-claim-2600402-2024-09-16,evdoc-aa605ec6258fe409,True,True,True,https://www.indiatoday.in/india/story/mukhtar-ansari-death-due-of-heart-attack-confirms-banda-dm-report-reject-slow-poisoning-claim-2600402-2024-09-16,article_like,True,train,train,train,train,train
hmx-0015,58,"Boycott China' ki baat khatam: China phirse ban gaya India ka sabse bada trade partner 2 saal baad, US ko peeche chhoda.","The United States has consistently held the position of India's largest trading partner in recent fiscal years, including FY25",fake,CONTRADICTED,query_images\hmx-0015.png,https://timesofindia.indiatimes.com/business/india-business/us-top-trading-partner-of-india-for-4th-straight-year-in-fy25-trade-gap-with-china-widens-to-99-2-bn/articleshow/120333409.cms,evdoc-b8dc76dd6696379e,True,True,True,https://timesofindia.indiatimes.com/business/india-business/us-top-trading-partner-of-india-for-4th-straight-year-in-fy25-trade-gap-with-china-widens-to-99-2-bn/articleshow/120333409.cms,article_like,True,train,train,dev,dev,retired_prior
hmx-0016,59,Woh funds logon ki bhalai ke liye istemal karo': Andhra Pradesh Dy CM Pawan Kalyan ne salary aur priveleges lene se mana kiya.,Andhra Pradesh Deputy CM Pawan Kalyan refuses to take salary citing lack of funds,real,SUPPORTED,query_images\hmx-0016.png,https://economictimes.indiatimes.com/news/india/andhra-pradesh-deputy-cm-pawan-kalyan-refuses-to-take-salary-citing-lack-of-funds/articleshow/111412254.cms?from=mdr,evdoc-9a5590ec30bf227a,True,True,True,https://economictimes.indiatimes.com/news/india/andhra-pradesh-deputy-cm-pawan-kalyan-refuses-to-take-salary-citing-lack-of-funds/articleshow/111412254.cms?from=mdr,article_like,True,train,train,train,train,train
hmx-0018,61,"Bengaluru me Ola auto driver ne ride cancel karne par ladki ko thappad maar diya: Internet pe log uski giraftari ki demand kar rahe hain India me chahe kahin bhi ho, mahilao ki suraksha ab bhi sawal ke ghere me hai.",An Ola auto driver in Bengaluru slapped a woman for cancelling her ride,real,SUPPORTED,query_images\hmx-0018.png,https://www.indiatoday.in/india/story/bengaluru-ola-auto-driver-slaps-woman-cancels-ride-video-viral-2356552-2023-04-06,evdoc-ef6e44198690cc4c,True,True,True,https://www.indiatoday.in/india/story/bengaluru-ola-auto-driver-slaps-woman-cancels-ride-video-viral-2356552-2023-04-06,article_like,True,train,dev,train,train,train
hmx-0021,64,"Tamil Nadu me 3rd year B.Tech student ne socha uske paas superpowers hain, hostel se jump kar gaya AI padhne wala Prabhu 4th floor se kud gaya.",A B.Tech student in Tamil Nadu jumped from a hostel thinking he had superpowers and could fly,real,SUPPORTED,query_images\hmx-0021.png,https://www.indiatoday.in/india/story/btech-student-jumps-from-hostel-building-coimbatore-superpowers-prabhu-2381297-2023-05-19,evdoc-ff7489fbc9004e56,True,True,True,https://www.indiatoday.in/india/story/btech-student-jumps-from-hostel-building-coimbatore-superpowers-prabhu-2381297-2023-05-19,article_like,True,train,train,train,train,train
hmx-0029,189,Putin ka powerful statement Pakistan ke terror attack ke baad India ke support mein viral ho gaya.,"Putin made a strong statement in support of India after a terror attack linked to Pakistan, and his message went viral.",real,SUPPORTED,query_images\hmx-0029.png,https://economictimes.indiatimes.com/news/politics-and-nation/putin-dials-modi-extends-full-support-in-fight-against-terrorism-in-no-uncertain-terms/articleshow/120904492.cms,evdoc-2a9a76bca22b8a8b,True,True,True,https://economictimes.indiatimes.com/news/politics-and-nation/putin-dials-modi-extends-full-support-in-fight-against-terrorism-in-no-uncertain-terms/articleshow/120904492.cms,article_like,True,dev,dev,train,train,test
hmx-0030,247,World No. 1 Magnus Carlsen confused ho gaya jab ek Indian chess player ne uske pair chhu liye respect dikhane ke liye | DEKHO,"Watch: Chess star Bristy Mukherjee touches Magnus Carlsen’s feet while receiving trophy in Kolkata, his reaction goes viral",real,SUPPORTED,query_images\hmx-0030.png,https://indianexpress.com/article/trending/trending-in-india/bristy-mukherjee-chess-star-touches-magnus-carlsen-feet-viral-video-9675746,evdoc-57d2ba86a7196a3d,True,True,True,https://indianexpress.com/article/trending/trending-in-india/bristy-mukherjee-chess-star-touches-magnus-carlsen-feet-viral-video-9675746,article_like,True,test,train,train,train,test
hmx-0031,248,"Chunaav ke baad Ajit Pavaar kee 1,000 Crore rupaye kee jabt sampatti ko IT Department ne kiya khaalee, Benami case band.","Ajit Pawar's properties worth ₹1,000 crore cleared by I-T dept in benami case: Report",real,SUPPORTED,query_images\hmx-0031.png,https://www.hindustantimes.com/india-news/ajit-pawars-properties-worth-rs-1-000-crore-cleared-by-i-t-dept-in-benami-case-report-101733544127218.html,evdoc-5b900164609a8e47,True,True,True,https://www.hindustantimes.com/india-news/ajit-pawars-properties-worth-rs-1-000-crore-cleared-by-i-t-dept-in-benami-case-report-101733544127218.html,article_like,True,test,train,train,train,train
hmx-0032,249,Britannia ne apne latest campaign “Nature Shapes Britannia” mein eco‑friendly billboards banaye jo aas-paas ke trees ke shape ke hisaab se design hue hain.,Britannia’s new ad campaign turns billboards into eco-friendly art; gets the Internet’s approval: ‘Can we call it a pedh partnership?’,real,SUPPORTED,query_images\hmx-0032.png,https://indianexpress.com/article/trending/trending-in-india/britannia-new-ad-campaign-turns-billboard-into-eco-friendly-art-viral-9771440,evdoc-34a8e61ef0b15a26,True,True,True,https://indianexpress.com/article/trending/trending-in-india/britannia-new-ad-campaign-turns-billboard-into-eco-friendly-art-viral-9771440,article_like,True,dev,train,test,retired_v5_test,retired_prior
hmx-0033,251,Ram Mandir ko udaane wali sleeper cell Haryana se giraftar: ISI se contact mein tha aur grenades ready the,Gujarat ATS busts ISI plot to attack Ayodhya temple,real,SUPPORTED,query_images\hmx-0033.png,https://timesofindia.indiatimes.com/india/gujarat-ats-busts-isi-plot-to-attack-ayodhya-temple/articleshow/118692220.cms,evdoc-8649f37d2267ceae,True,True,True,https://timesofindia.indiatimes.com/india/gujarat-ats-busts-isi-plot-to-attack-ayodhya-temple/articleshow/118692220.cms,article_like,True,test,dev,train,train,train
hmx-0034,252,Voting khatam hone ke ek din baad: Sarkar ne toll tax poore India mein 5% se turant badhaya,India to increase road toll charges from Monday by 3‑5%,real,SUPPORTED,query_images\hmx-0034.png,https://economictimes.indiatimes.com/news/economy/infrastructure/india-to-increase-road-toll-charges-from-monday/articleshow/110641572.cms?from=mdr,evdoc-7fe09bd46b6fbd2e,True,True,True,https://economictimes.indiatimes.com/news/economy/infrastructure/india-to-increase-road-toll-charges-from-monday/articleshow/110641572.cms?from=mdr,article_like,True,test,train,train,train,train
hmx-0035,253,"Ab IPC, CrPC nahi: Aaj se India ko mile naye criminal laws | Jaaniye sab kuch","Three new criminal laws come into force today; no more IPC, CrPC, Evidence Act",real,SUPPORTED,query_images\hmx-0035.png,https://www.livemint.com/news/india/three-new-criminal-laws-come-into-force-today-no-more-ipc-crpc-evidence-act-10-points-11719796429287.html,evdoc-d3e9b1920b3dc930,True,True,True,https://www.livemint.com/news/india/three-new-criminal-laws-come-into-force-today-no-more-ipc-crpc-evidence-act-10-points-11719796429287.html,article_like,True,train,dev,train,train,train
hmx-0036,254,Karnataka ki Nandini dairy upcoming T20 World Cup mein Ireland aur Scotland teams ko sponsor karegi,"Karnataka's Nandini dairy brand to sponsor Ireland, Scotland at T20 World Cup 2024",real,SUPPORTED,query_images\hmx-0036.png,https://www.indiatoday.in/sports/cricket/story/karnatakas-nadini-milk-to-sponsor-ireland-scotland-at-t20-world-cup-2024-2529817-2024-04-21,evdoc-42397510efe90a1c,True,True,True,https://www.indiatoday.in/sports/cricket/story/karnatakas-nadini-milk-to-sponsor-ireland-scotland-at-t20-world-cup-2024-2529817-2024-04-21,article_like,True,test,test,train,train,train
hmx-0037,255,"Gujarat ka Palitana poori duniya ka pehla sheher bana jahan non‑vegetarian food (meat, egg, fish) ka sale aur consumption puri tarah se ban ho gaya hai.",Palitana of Gujarat becomes first city in the world to ban non-veg food,real,SUPPORTED,query_images\hmx-0037.png,https://english.mathrubhumi.com/news/india/palitana-bans-non-veg-food-5f8dd9f5,evdoc-7cd4aab868f8e08d,True,True,True,https://english.mathrubhumi.com/news/india/palitana-bans-non-veg-food-5f8dd9f5,article_like,True,test,test,train,train,train
hmx-0038,256,GIRAFTAR | Monalisa ko movie role offer karne wale director ko rape case mein giraftar kiya gaya.,"Director, who offered Monalisa a role during Maha Kumbh, arrested in sexual assault case",real,SUPPORTED,query_images\hmx-0038.png,https://timesofindia.indiatimes.com/india/director-who-offered-monalisa-a-role-during-maha-kumbh-arrested-in-sexual-assault-case/articleshow/119796711.cms,evdoc-e5d61cba37b6ebc8,True,True,True,https://timesofindia.indiatimes.com/india/director-who-offered-monalisa-a-role-during-maha-kumbh-arrested-in-sexual-assault-case/articleshow/119796711.cms,article_like,True,train,test,train,train,test
hmx-0039,258,"₹422 crore ke Bihar double-decker bridge se bachhon ne chura liye nuts & bolts, bridge khulne ke baad hi chori.",Bihar: Kids Caught On Camera Stealing Nuts & Bolts From ₹422 Crore Patna Flyover; Netizens REACT,real,SUPPORTED,query_images\hmx-0039.png,https://www.freepressjournal.in/viral/bihar-kids-caught-on-camera-stealing-nuts-bolts-from-422-crore-patna-flyover-netizens-react,evdoc-2f082b703a9040b1,True,True,True,https://www.freepressjournal.in/viral/bihar-kids-caught-on-camera-stealing-nuts-bolts-from-422-crore-patna-flyover-netizens-react,article_like,True,dev,train,test,retired_v5_test,retired_prior
hmx-0040,259,"Jail mein 'vocational skill' ke roop mein printing seekhne wala aadmi, bahar aakar ghar par nakli note chhapne laga.","MP man learns printing techniques in jail, starts making fake notes after release from jail",real,SUPPORTED,query_images\hmx-0040.png,https://timesofindia.indiatimes.com/city/bhopal/man-starts-making-fake-notes-after-release-from-jail/articleshow/108760419.cms,evdoc-60e7985c812a4906,True,True,True,https://timesofindia.indiatimes.com/city/bhopal/man-starts-making-fake-notes-after-release-from-jail/articleshow/108760419.cms,article_like,True,test,train,train,train,dev
hmx-0041,260,"Maharashtra ka ek ladka leg surgery ke liye hospital gaya, doctors ne galti se uska circumcision kar diya, jaanch jaari hai.","Maharashtra Boy Goes In For Leg Surgery, Comes Out Circumcised, Probe On",real,SUPPORTED,query_images\hmx-0041.png,https://www.ndtv.com/india-news/maharashtra-boy-goes-in-for-leg-surgery-comes-out-circumcised-probe-on-5994798,evdoc-4c41559797d698f9,True,True,True,https://www.ndtv.com/india-news/maharashtra-boy-goes-in-for-leg-surgery-comes-out-circumcised-probe-on-5994798,article_like,True,dev,train,test,retired_v5_test,retired_prior
hmx-0042,261,"“Wimbledon welcomes Rohit Sharma as he makes stylish appearance in London, netizens in awe.The World Cup winning captain witnessed the Alcaraz vs Medvedev semifinal.","Wimbledon Rohit Sharma ko welcome karta hai jab vo London mein stylish nazar aate hain, netizens hairan. World Cup jeetne wale captain ne Alcaraz vs Medvedev semifinal dekha.",real,SUPPORTED,query_images\hmx-0042.png,https://www.hindustantimes.com/cricket/rohit-sharma-welcomed-by-wimbledon-as-team-india-captain-makes-stylish-appearance-during-alcaraz-vs-medvedev-semifinal-101720794279316.html,evdoc-677b2ec992714433,True,True,True,https://www.hindustantimes.com/cricket/rohit-sharma-welcomed-by-wimbledon-as-team-india-captain-makes-stylish-appearance-during-alcaraz-vs-medvedev-semifinal-101720794279316.html,article_like,True,test,train,train,train,train
hmx-0043,262,"Resign as PM of Canada in 4 days: Justin Trudeau given ultimatum by his party MP's amid tensions with India 24 liberal MPs voice dissent, despite elections in Canada due in 2025.","Canada ke PM Justin Trudeau ko 4 din mein istifa dene ka ultimatum: unke hi party ke 24 Liberal MPs ne tensions ke beech bola, elections 2025 hone wale hain.",real,SUPPORTED,query_images\hmx-0043.png,https://economictimes.indiatimes.com/news/international/world-news/canada-dissident-mps-call-for-pm-justin-trudeaus-resignation-deadline-set-for-october-28/articleshow/114532008.cms?from=mdr,evdoc-1119a39472c9ac88,True,True,True,https://economictimes.indiatimes.com/news/international/world-news/canada-dissident-mps-call-for-pm-justin-trudeaus-resignation-deadline-set-for-october-28/articleshow/114532008.cms?from=mdr,article_like,True,dev,train,train,test,retired_prior
hmx-0044,264,"Manu Bhaker, D Gukesh and 2 other star athletes receive Khel Ratna award from President Murmu | SEE VISUALS Hockey captain Harmanpreet Singh and Paralympian Praveen also awarded","Manu Bhaker, D Gukesh aur do anya sitaron ko President Murmu se Khel Ratna award mila | DEKHO VISUALS Hockey captain Harmanpreet Singh aur Paralympian Praveen Kumar ko bhi sammanit kiya gaya.",real,SUPPORTED,query_images\hmx-0044.png,https://www.business-standard.com/sports/other-sports-news/manu-bhaker-d-gukesh-two-others-receive-khel-ratna-from-president-murmu-125011700315_1.html,evdoc-0eb9aad265eb5db4,True,True,True,https://www.business-standard.com/sports/other-sports-news/manu-bhaker-d-gukesh-two-others-receive-khel-ratna-from-president-murmu-125011700315_1.html,article_like,True,dev,train,train,train,test
hmx-0045,265,Ranveer Allahbadia issues apology after complaint against him & Samay Raina due to jokes India's got latent He had asked a contestant to suck his d*ck for 2 crore & watch parents have sex.,Ranveer Allahbadia ne maafi maangi hai jab unke aur Samay Raina ke khilaaf ‘India’s Got Latent’ mein jokes ke chakkar mein shikayat darj hui.Unhone ek contestant se 2 crore rupaye ke liye kaha tha ki woh unka dck suck kare aur unhone apne maa-baap ko sex karte hue dekha.,real,SUPPORTED,query_images\hmx-0045.png,https://www.livemint.com/news/trends/ranveer-allahbadia-shocks-samay-raina-on-india-s-got-latent-with-inappropriate-jokes-draws-massive-backlash-11739171476365.html,evdoc-68a0b43fed7bd8cb,True,True,True,https://www.livemint.com/news/trends/ranveer-allahbadia-shocks-samay-raina-on-india-s-got-latent-with-inappropriate-jokes-draws-massive-backlash-11739171476365.html,article_like,True,test,train,train,test,retired_prior
hmx-0046,266,"Virat Kohli's million dollar reaction looking at Anushka Sharma in stands after India's win goes viral | WATCH India enters final, Smith retires after Australia's loss.","Virat Kohli ka million-dollar reaction, jab unhone Anushka Sharma ko stands mein dekha India’s jeet ke baad, viral ho gaya.ndia final mein pahunch gaya, aur Smith ne Australia ki haar ke baad retirement le li",real,SUPPORTED,query_images\hmx-0046.png,https://www.indiatoday.in/sports/cricket/story/champions-trophy-cricket-virat-kohli-anushka-sharma-india-vs-australia-2689033-2025-03-05,evdoc-d40b8a7240776c0b,True,True,True,https://www.indiatoday.in/sports/cricket/story/champions-trophy-cricket-virat-kohli-anushka-sharma-india-vs-australia-2689033-2025-03-05,article_like,True,train,train,train,train,test
hmx-0047,267,"Students with 4-year bachelor degree can now directly pursue PhD & appear for NET in India: UGC Chief A relaxation of 5% marks may also be allowed for those from SC, ST, OBC etc...","India mein 4‑saal ke bachelor degree wale students ab seedha PhD pursue kar sakte hain aur NET mein appear kar sakte hain: UGC Chief.SC, ST, OBC aadi categories wale students ko 5% marks ki relaxation bhi di ja sakti hai…",real,SUPPORTED,query_images\hmx-0047.png,https://economictimes.indiatimes.com/industry/services/education/ugc-announces-that-4-year-degree-holders-can-now-directly-appear-for-net-and-pursue-phd/articleshow/109478624.cms?from=mdr,evdoc-78dbe8b33a037f36,True,True,True,https://economictimes.indiatimes.com/industry/services/education/ugc-announces-that-4-year-degree-holders-can-now-directly-appear-for-net-and-pursue-phd/articleshow/109478624.cms?from=mdr,article_like,True,test,train,train,train,dev
hmx-0048,268,"Saudi Arabia orders forces to ""kill anyone who refuses to give land"" for building futuristic city: Report Neom will be world's largest city, built at a cost of €42 lakh crores ($500 bn)","Saudi Arabia ne apni forces ko aadesh diya hai ki jo bhi apni zameen dene se inkaar kare, use maar daalo — futuristic city ke liye: report ke mutabiq.Neom duniya ka sabse bada city hoga, jiska nirmaan ₹42 lakh crore (US $500 billion) mein hoga",real,SUPPORTED,query_images\hmx-0048.png,https://www.businessinsider.com/neom-saudi-arabia-forces-authorized-kill-villagers-the-line-colonel-2024-5,evdoc-93bf38ab7029ab1a,True,True,True,https://www.businessinsider.com/neom-saudi-arabia-forces-authorized-kill-villagers-the-line-colonel-2024-5,article_like,True,train,train,train,test,retired_prior
hmx-0049,269,"Entire India needs this: West Bengal passes new bill giving death penalty for rape & sexual offences The 'Anti-Rape' bill received unanimous support from all political parties,",Pure Bharat ke liye zaroori hai: West Bengal ne naya bill pass kiya hai jo rape aur sexual offences ke liye death penalty deta hai.Ye ‘Anti‑Rape’ bill ko sabhi political parties ne ek jut hokar support kiya,real,SUPPORTED,query_images\hmx-0049.png,https://www.thehindu.com/news/national/west-bengal/mamata-banerjee-tmc-government-table-anti-rape-bill-state-assembly-sept-3-2024/article68599857.ece,evdoc-676414f4a3c783ec,True,True,True,https://www.thehindu.com/news/national/west-bengal/mamata-banerjee-tmc-government-table-anti-rape-bill-state-assembly-sept-3-2024/article68599857.ece,article_like,True,test,train,train,test,retired_prior
hmx-0050,270,"I can afford it, but the nature cannot: Rocket man of India & lIT professor seen wearing torn socks in 5-star hotel Chetan Singh Solanki explained ""WHY"" after his photo went viral.","Main afford kar sakta hoon, lekin nature afford nahi kar sakta: Rocket Man of India aur IIT professor ko 5‑star hotel mein bare huye jhoote mein dekha gaya.Chetan Singh Solanki ne photo viral hone ke baad bataya ‘KYUN",real,SUPPORTED,query_images\hmx-0050.png,https://economictimes.indiatimes.com/magazines/panache/iit-professor-spotted-with-torn-socks-at-a-5-star-hotel-his-explanation-wins-the-internet/articleshow/113846368.cms?from=mdr,evdoc-2cd6503a9ef27a72,True,True,True,https://economictimes.indiatimes.com/magazines/panache/iit-professor-spotted-with-torn-socks-at-a-5-star-hotel-his-explanation-wins-the-internet/articleshow/113846368.cms?from=mdr,article_like,True,dev,dev,train,train,train
hmx-0051,276,"We will win 295 seats just like Sidhu Moosewala's song': Rahul Gandhi as he calls exit-polls fake | WATCH Meanwhile, his mother has claimed 272 seats of I.N.D.I.A. bloc ahead of results.","Hum 295 seats jeetenge, bilkul Sidhu Moosewala ke gaane ki tarah’: Rahul Gandhi ne kaha exit‑polls fake hain",real,SUPPORTED,query_images\hmx-0051.png,https://indianexpress.com/article/india/exit-poll-2024-live-updates-lok-saba-election-result-9365035,evdoc-7433287c7e421894,True,True,True,https://indianexpress.com/article/india/exit-poll-2024-live-updates-lok-saba-election-result-9365035,article_like,True,test,train,train,train,train
hmx-0052,277,DEATH TOLL RISES TO 327 INCLUDING 241 PASSENGERS AND 86 MEDICAL STUDENTS,"Mauton ka aansh badh kar 327 ho gaya, jisme 241 yatri aur 86 medical students shamil hain",fake,CONTRADICTED,query_images\hmx-0052.png,https://aimamedia.org/newsdetails.aspx?com=yes&nid=460756,evdoc-186966c69e162f25,True,True,True,https://aimamedia.org/newsdetails.aspx?com=yes&nid=460756,article_like,True,dev,train,train,test,retired_prior
hmx-0054,279,CELEBRATING THE ANNIVERSARY OF THE RADHIKA-ANANT WEDDING THAT ECHOED GLOBALLY. A CELEBRATION THAT BECAME INDIA'S GLOBAL STATEMENT.,"Radhika‑Anant ki shaadi ki anniversary mana rahe hain, jo duniya bhar mein goonj uthi. Ek celebration jo ban gayi Bharat ki global pehchaan",real,SUPPORTED,query_images\hmx-0054.png,https://economictimes.indiatimes.com/news/company/corporate-trends/anant-and-radhika-ambanis-wedding-ceremony-one-year-since-a-celebration-that-transcended-borders-and-honoured-indian-culture/articleshow/122401430.cms?from=mdr,evdoc-d30c99fcb201c136,True,True,True,https://economictimes.indiatimes.com/news/company/corporate-trends/anant-and-radhika-ambanis-wedding-ceremony-one-year-since-a-celebration-that-transcended-borders-and-honoured-indian-culture/articleshow/122401430.cms?from=mdr,article_like,True,dev,train,test,retired_v5_test,retired_prior
hmx-0056,283,"Maharashtra ke ek ticket collector, Swapnil Kusale ne India ke liye 3rd Olympic medal mein Bronze jeeta hai! Yeh pehla Olympics hai jahan India ne sirf shooting mein 3 medals jeete hain.","Swapnil Kusale, a ticket collector from Maharashtra, won a Bronze medal, which is India's third Olympic medal. This is the first time India has won three medals in a single sport (shooting) at the Olympics.",real,SUPPORTED,query_images\hmx-0056.png,https://www.olympics.com/en/news/paris-2024-olympics-shooting-men-50m-rifle-3-positions-final-swapnil-kusale,evdoc-c98c4372a4f6dcff,True,True,True,https://www.olympics.com/en/news/paris-2024-olympics-shooting-men-50m-rifle-3-positions-final-swapnil-kusale,article_like,True,train,dev,train,train,test
hmx-0057,284,"Ek rare 80,000-saal purana mystery comet Bengaluru ke aasmaan ko pink aur yellow mein roshan kar raha hai | VISUALS DEKHO. Aasmaan mein yeh khoobsurat nishaan social media par viral ho gaye hain.","A rare comet, said to be 80,000 years old, illuminated the skies of Bengaluru in pink and yellow colors. The images of this phenomenon went viral on social media.",fake,CONTRADICTED,query_images\hmx-0057.png,https://www.livemint.com/news/trends/rare-80-000-year-old-comet-illuminates-bengaluru-skies-pink-and-yellow-see-photos-11727766149599.html,evdoc-7dfd9186462089fd,True,True,True,https://www.livemint.com/news/trends/rare-80-000-year-old-comet-illuminates-bengaluru-skies-pink-and-yellow-see-photos-11727766149599.html,article_like,True,test,train,test,retired_v5_test,retired_prior
hmx-0058,285,Toxic boss ne kaha 'sirf maut hi excuse hai' jab ek employee car accident ke baad late ho gaya. Boss aur employee ke beech ka text exchange viral ho gaya hai | PADHOH.,"A text exchange went viral where a boss told an employee who was late after a car accident that ""only death is excused.""",real,SUPPORTED,query_images\hmx-0058.png,https://www.ndtv.com/offbeat/only-death-is-excused-managers-reply-to-employee-for-being-late-after-car-accident-6856866,evdoc-a69eb6855dbad9f6,True,True,True,https://www.ndtv.com/offbeat/only-death-is-excused-managers-reply-to-employee-for-being-late-after-car-accident-6856866,article_like,True,train,train,train,train,train
hmx-0059,286,"Bomb squad ke bahadur canine Oscar & Mylo 10 saal ki service ke baad retire ho gaye, Mumbai police ne farewell host kiya. Unhone Ambani ke Antilia samet kai bomb detections mein bhi mahatvapurna bhoomika nibhai thi.","Mumbai police hosted a farewell for two of their bomb squad dogs, Oscar and Mylo, who retired after 10 years of service. They were instrumental in detecting bombs, including one at Ambani's residence, Antilia.",real,SUPPORTED,query_images\hmx-0059.png,https://timesofindia.indiatimes.com/city/mumbai/mumbai-police-dog-oscar-who-set-ball-rolling-in-antilia-bomb-scare-case-retires/articleshow/114568823.cms,evdoc-56b26879662da2b6,True,True,True,https://timesofindia.indiatimes.com/city/mumbai/mumbai-police-dog-oscar-who-set-ball-rolling-in-antilia-bomb-scare-case-retires/articleshow/114568823.cms,article_like,True,test,dev,train,test,retired_prior
hmx-0060,287,"Supreme Court ne Narcos aur Breaking Bad dekhne ka sujhav diya taaki drug syndicates kaise kaam karte hain, yeh samajh sake, bail dene se mana kar diya. 2-judge bench Narcotic Drugs & Psychotropic Substances case ki sunwai kar rahi thi.","The Supreme Court, while hearing a Narcotic Drugs & Psychotropic Substances case and denying bail, suggested watching the series ""Narcos"" and ""Breaking Bad"" to understand the workings of drug syndicates.",real,SUPPORTED,query_images\hmx-0060.png,https://www.indiatoday.in/india/law-news/story/supreme-court-judges-breaking-bad-reference-in-denying-bail-to-drug-case-accused-2645907-2024-12-06,evdoc-be2ebb35a3597ee7,True,True,True,https://www.indiatoday.in/india/law-news/story/supreme-court-judges-breaking-bad-reference-in-denying-bail-to-drug-case-accused-2645907-2024-12-06,article_like,True,train,dev,train,test,retired_prior
hmx-0061,288,"Jaldi hi asli Jurassic park? Bioscience startup ne ₹2,000 crore jama kiye hain taaki extinct janwaro ko wapas la sake. Colossal Biosciences ne $10 billion ki valuation par investment jama kiya hai!","A bioscience startup, Colossal Biosciences, has raised ₹2,000 crore (approximately $240 million) to bring back extinct animals. The company aims to de-extinct species like the woolly mammoth and the Tasmanian tiger.",real,SUPPORTED,query_images\hmx-0061.png,https://colossal.com/colossal-raises-200m-to-de-extinct-the-woolly-mammoth-thylacine-and-dodo,evdoc-08bf769c6ad30e57,True,True,True,https://colossal.com/colossal-raises-200m-to-de-extinct-the-woolly-mammoth-thylacine-and-dodo,article_like,True,dev,test,train,test,retired_prior
hmx-0062,290,"Ek crowded train mein ek aadmi ko fellow passenger ne harass kiya aur kiss kiya: Shocking video viral ho gaya | DEKHO. Jisne yeh kiya usne kaha “acha laga, isliye kiya.”","A video went viral showing a man being harassed and kissed by a fellow passenger inside a crowded train. The person who did it reportedly said they did it because ""it felt good.""",real,SUPPORTED,query_images\hmx-0062.png,https://www.ndtv.com/india-news/quot-touched-me-inappropriately-quot-passenger-harassed-by-another-man-on-train-7851805,evdoc-53bd64c18f02981e,True,True,True,https://www.ndtv.com/india-news/quot-touched-me-inappropriately-quot-passenger-harassed-by-another-man-on-train-7851805,article_like,True,test,dev,train,train,train
hmx-0063,291,"“UPSC time ki barbadi hai. India mein zyada billionaires, scientists aur olympians ho sakte hain agar youth is tarah ka focus doosre areas par lagaye.” - Sanjeev Sanyal, India ke Economic Advisor","Sanjeev Sanyal, India's Economic Advisor, stated that the UPSC exam is a waste of time and that India could produce more billionaires, scientists, and Olympians if young people focused on other fields instead.",real,SUPPORTED,query_images\hmx-0063.png,https://timesofindia.indiatimes.com/business/india-business/sanjeev-sanyals-upsc-reality-check-dream-to-be-elon-musk-or-mukesh-ambani-why-a-joint-secretary/articleshow/108784456.cms,evdoc-7857a5a9518e948c,True,True,True,https://timesofindia.indiatimes.com/business/india-business/sanjeev-sanyals-upsc-reality-check-dream-to-be-elon-musk-or-mukesh-ambani-why-a-joint-secretary/articleshow/108784456.cms,article_like,True,test,dev,train,train,train
hmx-0064,292,"Ek Indian student ne US mein full scholarship ke liye apne father ki maut ka jhooth bola, social media par brag karne ke baad deport ho gaya. Usne Reddit par jhoot bolne ka post kiya, jiske baad university authorities ne use pakad liya.","An Indian student faked his father's death to receive a full scholarship in the US. He was deported after university authorities found out he had bragged about the lie on social media, specifically Reddit.",real,SUPPORTED,query_images\hmx-0064.png,https://www.hindustantimes.com/trending/indian-student-faked-father-s-death-for-full-scholarship-to-us-a-reddit-post-gave-him-away-101719553355830.html,evdoc-0b53f3770acd4fa4,True,True,True,https://www.hindustantimes.com/trending/indian-student-faked-father-s-death-for-full-scholarship-to-us-a-reddit-post-gave-him-away-101719553355830.html,article_like,True,dev,train,dev,dev,retired_prior
hmx-0065,293,"SRM University, Chennai mein student flats par 1,000 cops ne raid ki: Lakhon ke illegal drugs, pills, ganja aur bahut kuch mila. 168 teams of police ne 5 ghante mein students ke 688 flats par raid kiya.","1,000 police officers conducted a massive raid on student flats at SRM University in Chennai. They found illegal drugs, pills, and marijuana worth a significant amount. The raid was carried out across 688 flats.",real,SUPPORTED,query_images\hmx-0065.png,https://www.newindianexpress.com/cities/chennai/2024/Aug/31/tambaram-police-raid-students-flats-near-srm-college-ganja-and-other-drugs-seized,evdoc-a72f4d8a4ebe0997,True,True,True,https://www.newindianexpress.com/cities/chennai/2024/Aug/31/tambaram-police-raid-students-flats-near-srm-college-ganja-and-other-drugs-seized,article_like,True,train,train,test,retired_v5_test,retired_prior
hmx-0066,294,Live TV par heatwave ki report karte hue news anchor heatstroke se behosh ho gayi. Doordarshan ki anchor ki awaaz achanak se ladkhadane lagi aur woh gir gayi.,A news anchor fainted on live television while reporting on a heatwave affecting India and South Asia. Her speech reportedly began to slur before she collapsed.,real,SUPPORTED,query_images\hmx-0066.png,https://www.ndtv.com/india-news/doordarshan-anchor-faints-during-live-news-reading-of-heatwave-updates-5490762,evdoc-afcb73006096d5e8,True,True,True,https://www.ndtv.com/india-news/doordarshan-anchor-faints-during-live-news-reading-of-heatwave-updates-5490762,article_like,True,train,train,dev,dev,retired_prior
hmx-0067,295,“Tujhe kaat kar drum mein bhar dungi” - UP ki mahila ne apne pati ko maarkar blue drum mein daalne ki dhamki di.,A woman in Uttar Pradesh reportedly threatened to kill her husband and stuff his body in a blue drum.,real,SUPPORTED,query_images\hmx-0067.png,https://www.indiatoday.in/india/story/will-chop-you-up-stuff-in-drum-like-meerut-case-up-gonda-woman-threatens-husband-2701722-2025-03-31,evdoc-7c45941d189104b6,True,True,True,https://www.indiatoday.in/india/story/will-chop-you-up-stuff-in-drum-like-meerut-case-up-gonda-woman-threatens-husband-2701722-2025-03-31,article_like,True,test,train,train,train,train
hmx-0068,296,"Heatwave ka asar: Ek chor ghar lootne ke dauran AC mein so gaya, agle din subah Lucknow mein cops ne usse jagaya. Jab owner ne ek shirt-less aadmi ko apne living room mein sote hue dekha, toh woh shocked ho gaya.","A thief in Lucknow fell asleep in the air-conditioned house he was robbing. The house owner found him sleeping in the morning, and the police were called to wake him up and arrest him.",real,SUPPORTED,query_images\hmx-0068.png,https://timesofindia.indiatimes.com/etimes/trending/thief-enters-house-to-steal-falls-asleep-in-ac-room-this-is-what-happened-next/articleshow/110665040.cms,evdoc-a7d64e6718d99b2d,True,True,True,https://timesofindia.indiatimes.com/etimes/trending/thief-enters-house-to-steal-falls-asleep-in-ac-room-this-is-what-happened-next/articleshow/110665040.cms,article_like,True,train,test,dev,dev,retired_prior
hmx-0069,297,"₹1.3 LPA salary wali Indian mahila US ya Europe mein ₹30 LPA kamane wala dulha dhundh rahi hai | DEMANDS KI LIST DEKHO. Foreign trips, LV gifts aur 5-star stays, uski matrimonial site par demands viral ho gayi.","An Indian woman with a salary of ₹1.3 lakh per annum has gone viral for her demands on a matrimonial site. She is seeking a groom earning ₹30 lakh per annum and living in the US or Europe, and her list of demands includes foreign trips, luxury gifts, and five-star stays.",real,SUPPORTED,query_images\hmx-0069.png,https://www.hindustantimes.com/trending/woman-earning-1-3-lpa-seeks-30-lpa-techie-groom-in-us-europe-expecting-to-visit-all-places-around-the-world-101726037888337.html,evdoc-1340d12a3fb85b07,True,True,True,https://www.hindustantimes.com/trending/woman-earning-1-3-lpa-seeks-30-lpa-techie-groom-in-us-europe-expecting-to-visit-all-places-around-the-world-101726037888337.html,article_like,True,dev,test,dev,dev,retired_prior
hmx-0070,298,PAHALGAM TERROR ATTACK: INDIA NE 5 BADE FAISELE LIYE,"Following a terror attack in Pahalgam, India has reportedly taken five major decisions.",real,SUPPORTED,query_images\hmx-0070.png,https://timesofindia.indiatimes.com/india/pahalgam-terror-attack-indus-water-treaty-suspended-attari-border-closed-the-5-big-ccs-decisions-taken-by-india/articleshow/120557480.cms,evdoc-277235079ba795bd,True,True,True,https://timesofindia.indiatimes.com/india/pahalgam-terror-attack-indus-water-treaty-suspended-attari-border-closed-the-5-big-ccs-decisions-taken-by-india/articleshow/120557480.cms,article_like,True,dev,train,train,train,test
hmx-0071,299,Ek 25-saal ki pehle state level tennis player ko uske father ne Gurugram mein goli maar di. Reportedly iska reason yeh tha ki usne ek Muslim ladke ke saath music video film kiya tha.,A 25-year-old former state-level tennis player was shot by her father in Gurugram. The reason for the shooting was reportedly that she had filmed a music video with a Muslim man.,real,SUPPORTED,query_images\hmx-0071.png,https://www.thehindu.com/news/national/haryana/gurugram-tennis-player-murder-uncle-says-victims-mother-on-same-floor-when-shooting-happened/article69799242.ece,evdoc-955eaab04dd0b64a,True,True,True,https://www.thehindu.com/news/national/haryana/gurugram-tennis-player-murder-uncle-says-victims-mother-on-same-floor-when-shooting-happened/article69799242.ece,article_like,True,train,train,train,train,train
hmx-0072,300,RSS Chief Mohan Bhagawat dinner ke liye Antilia gaye: Anant Ambani sabke pair chhoote aur greeting karte hue dikhe. Ambani family ne ab shaadi ki rasmein shuru kar di hain.,"RSS Chief Mohan Bhagawat visited Antilia for dinner. Anant Ambani was seen greeting everyone, including by touching their feet. This marks the beginning of the Ambani family's wedding festivities.",real,SUPPORTED,query_images\hmx-0072.png,https://timesofindia.indiatimes.com/india/rss-chief-mohan-bhagwat-visits-ambani-family-at-antilia-for-dinner/articleshow/111353779.cms,evdoc-ac3ff4253580e04e,True,True,True,https://timesofindia.indiatimes.com/india/rss-chief-mohan-bhagwat-visits-ambani-family-at-antilia-for-dinner/articleshow/111353779.cms,article_like,True,train,train,train,train,train
hmx-0073,301,"Billboards lag gaye, trains wrap ho gayi hain: PUMA ne Paris Olympics mein Indian contingent ke liye campaign shuru kiya hai. Indian athletes dwara hasil kiye gaye milestones ko dikhane ka plan hai.",PUMA has launched a campaign for the Indian contingent at the Paris Olympics. The campaign involves putting up billboards and wrapping trains with visuals showcasing the achievements of Indian athletes.,real,SUPPORTED,query_images\hmx-0073.png,https://archive.adgully.com/puma-india-partners-with-ioa-launches-campaign-for-paris-olympic-2024-147981.html,evdoc-5a50194011cf151b,True,True,True,https://archive.adgully.com/puma-india-partners-with-ioa-launches-campaign-for-paris-olympic-2024-147981.html,article_like,True,test,train,train,train,train
hmx-0074,306,"NASA ₹18 lakh inaam announce karti hai agar aap Sunita Williams ko rescue plan mein madad karte ho, jo June 2024 se space mein phansi hui hai.","NASA offers $20,000 for rescue plans for stranded astronauts like Sunita Williams",fake,CONTRADICTED,query_images\hmx-0074.png,https://www.ndtv.com/world-news/nasa-offers-20-000-for-best-rescue-plan-to-save-stranded-astronauts-like-sunita-williams-7175446,evdoc-2662df4bd02f1750,True,True,True,https://www.ndtv.com/world-news/nasa-offers-20-000-for-best-rescue-plan-to-save-stranded-astronauts-like-sunita-williams-7175446,article_like,True,dev,train,train,train,train
hmx-0076,308,Mahakumbh mein 30 km lambi traffic jam hui—log kai ghanto tak stuck rahe.,"World’s biggest traffic jam? 300 km traffic jam, 11+ hours wait for devotees",real,SUPPORTED,query_images\hmx-0076.png,https://www.indiatoday.in/information/story/worlds-biggest-traffic-jam-what-causes-the-300-km-traffic-jam-how-mahakumbh-2025-traffic-jam-affects-devotees-over-11-hours-of-waiting-stmp-2677451-2025-02-10,evdoc-f349ec5aa3f8d3cf,True,True,True,https://www.indiatoday.in/information/story/worlds-biggest-traffic-jam-what-causes-the-300-km-traffic-jam-how-mahakumbh-2025-traffic-jam-affects-devotees-over-11-hours-of-waiting-stmp-2677451-2025-02-10,article_like,True,train,dev,dev,dev,retired_prior
hmx-0077,309,"Exit poll predictions ke baad Modi‑led BJP ki vijay ke chances dekh kar Sensex aur Nifty ne all-time high touch kiya — Sensex mein lagbhag 2,500 points ka jump aur Nifty 1,000 points tak ka bhad","Sensex, Nifty hit all-time high as exit polls predict massive win for BJP-led NDA",real,SUPPORTED,query_images\hmx-0077.png,https://www.thehindu.com/business/markets/sensex-nifty-race-over-3-pc-to-record-highs-as-exit-polls-predict-massive-win-for-bjp-led-nda/article68246361.ece,evdoc-e808e6af7eeaf802,True,True,True,https://www.thehindu.com/business/markets/sensex-nifty-race-over-3-pc-to-record-highs-as-exit-polls-predict-massive-win-for-bjp-led-nda/article68246361.ece,article_like,True,train,train,test,retired_v5_test,retired_prior
hmx-0079,361,Vijay Deverakonda 29 celebrities ke saath ED dwara 'Betting App Case' mein book kiye gaye,"vijay Deverakonda among 29 celebrities booked by ED in betting app case, including Rana Daggubati, Prakash Raj, and YouTuber Harsha Sai.",real,SUPPORTED,query_images\hmx-0079.png,https://i.ytimg.com/vi/fgIn1sdS2l8/oardefault.jpg?sqp=-oaymwEYCJUDENAFSFqQAgHyq4qpAwcIARUAAIhC&rs=AOn4CLA0Cudh9SQ2W2B9LqT_aSCDcISZpg,evdoc-23fa113a7af06781,True,False,False,https://i.ytimg.com/vi/fgIn1sdS2l8/oardefault.jpg?sqp=-oaymwEYCJUDENAFSFqQAgHyq4qpAwcIARUAAIhC&rs=AOn4CLA0Cudh9SQ2W2B9LqT_aSCDcISZpg,article_like,True,dev,train,train,train,train
hmx-0084,367,"Mumbai police officers ne raid ke dauran ek begunah aadmi par drugs plant kiye, CCTV footage viral hone ke baad suspend hue","Mumbai police officers plant drugs on innocent man during raid, suspended after CCTV footage viral",real,SUPPORTED,query_images\hmx-0084.png,https://www.indiatoday.in/cities/mumbai/story/mumbai-police-official-planting-drug-on-man-cctv-footage-suspended-2591513-2024-08-31,evdoc-302ed578370fff2b,True,True,True,https://www.indiatoday.in/cities/mumbai/story/mumbai-police-official-planting-drug-on-man-cctv-footage-suspended-2591513-2024-08-31,article_like,True,dev,train,dev,dev,retired_prior
hmx-0093,380,PM NARENDRA MODI NE STUDIO GHIBLI-INSPIRED ART KI DUNIYA MEIN KADAM RAKHA HAI.,PM NARENDRA MODI HAS STEPPED INTO THE WORLD OF STUDIO GHIBLI-INSPIRED ART,real,SUPPORTED,query_images\hmx-0093.png,https://www.iflscience.com/antarctica-s-most-active-volcano-spews-so-much-gold-that-you-can-see-it-in-the-snow-64487,evdoc-7eb84770a2a50b65,True,True,True,https://www.iflscience.com/antarctica-s-most-active-volcano-spews-so-much-gold-that-you-can-see-it-in-the-snow-64487,article_like,True,test,train,train,train,train
hmx-0094,490,"""Adani Power ne ₹4,000 crore mein Vidarbha Industries Power ka 600 MW plant kharida.""","Adani Power ne ₹4,000 crore mein Vidarbha Industries Power Ltd. (600 MW coal plant, Butibori, Nagpur) ki acquisition complete ki hai.",real,SUPPORTED,query_images\hmx-0094.png,https://timesofindia.indiatimes.com/city/nagpur/adani-buys-out-ambanis-power-plant-at-butibori/articleshow/122327566.cms,evdoc-f06f81162be180f5,True,True,True,https://timesofindia.indiatimes.com/city/nagpur/adani-buys-out-ambanis-power-plant-at-butibori/articleshow/122327566.cms,article_like,True,train,train,train,train,train
hmx-0095,492,"""Kangana Ranaut ne BJP ki taraf se Himachal Pradesh ke Mandi se Lok Sabha chunav ladne ka faisla kiya.""Arun Govil (Ram ji) ko bhi BJP ne field kiya Meerut se.",Kangana Ranaut BJP se Mandi se aur Arun Govil Meerut se Lok Sabha chunav mein utare.,real,SUPPORTED,query_images\hmx-0095.png,https://www.ndtv.com/india-news/bjp-mandi-candidate-kangana-ranaut-on-working-in-bollywood-5604608,evdoc-565a5803286a96ae,True,True,True,https://www.ndtv.com/india-news/bjp-mandi-candidate-kangana-ranaut-on-working-in-bollywood-5604608,article_like,True,test,train,train,test,retired_prior
hmx-0096,493,Dubai ne cloud seeding karke artificial baarish ki koshish ki. 24 ghante mein do saal ki barish ho gayi aur city flood ho gayi.,"Dubai floods naturally hui thi, cloud seeding ka is mein koi causal link nahi hai.",fake,CONTRADICTED,query_images\hmx-0096.png,https://www.dw.com/en/fact-check-did-cloud-seeding-cause-the-dubai-floods/a-68874274,evdoc-e2bad0519807c5ee,True,True,True,https://www.dw.com/en/fact-check-did-cloud-seeding-cause-the-dubai-floods/a-68874274,article_like,True,train,dev,train,train,train
hmx-0098,495,"""Ladakh mein tank exercise ke dauran flash floods ne 5 Indian Army jawans ki jaan le li.""","Eastern Ladakh (Daulat Beg Oldie / Nyoma–Chushul area) mein T‑72 tank training ke time sudden flash flood hua, jisme 5 soldiers (1 JCO + 4 jawans) beh gaye aur marr gaye.",real,SUPPORTED,query_images\hmx-0098.png,https://www.indiatoday.in/india/story/ladakh-indian-army-personnel-river-water-level-surges-crossing-exercise-tank-operation-2559993-2024-06-29,evdoc-e0da434cafecd49f,True,True,True,https://www.indiatoday.in/india/story/ladakh-indian-army-personnel-river-water-level-surges-crossing-exercise-tank-operation-2559993-2024-06-29,article_like,True,train,train,train,test,retired_prior
hmx-0099,496,"""Telegram ke billionaire founder Pavel Durov ka kehna hai ki unke 12 deshon mein 100+ bacche hai aur wo apna DNA open-source karne ki planning kar rahe hain.""","Pavel Durov ne bataya hai ki unke 100+ biological bacche hain, jinmein se 6 unke khud ke, aur baki IVF/sperm donations ke through 12 countries mein.",real,SUPPORTED,query_images\hmx-0099.png,https://www.thetimes.co.uk/article/telegram-founder-pavel-durov-100-children-will-98npwx88k,evdoc-b631f6f22d29b91f,True,True,True,https://www.thetimes.co.uk/article/telegram-founder-pavel-durov-100-children-will-98npwx88k,article_like,True,train,train,test,retired_v5_test,retired_prior
hmx-0101,498,"""Diljit Dosanjh ki India concert tour ke ₹3,299 se ₹19,999 wale tickets ek minute mein sold out ho gaye.""",Diljit Dosanjh ke “Dil‑Luminati” concert tour ke India leg ke tickets bahut tezi se—কম se कम ek minute mein—bik gaye.,real,SUPPORTED,query_images\hmx-0101.png,https://www.hindustantimes.com/entertainment/music/diljit-dosanjh-india-concert-tickets-dil-luminati-tour-sold-out-twitter-reacts-insane-craze-101726136852718.html,evdoc-11e2a51a8865bea1,True,True,True,https://www.hindustantimes.com/entertainment/music/diljit-dosanjh-india-concert-tickets-dil-luminati-tour-sold-out-twitter-reacts-insane-craze-101726136852718.html,article_like,True,dev,test,train,train,train
hmx-0102,499,"""CM Eknath Shinde ne bola, freebies nahi chahiye—vote do taaki Maharashtra 2047 tak $1.5 trillion economy ban sake.""",Eknath Shinde ne statement di hai jisme unhone abasanasf (freebies) ki taraf se vote na maangi aur kaha unka vision hai ki Maharashtra 2047 tak $1.5 trillion economy ban jaye.,real,SUPPORTED,query_images\hmx-0102.png,https://www.business-standard.com/india-news/to-make-maharashtra-1-5-trn-economy-thane-must-play-crucial-role-cm-124092100591_1.html,evdoc-825aef3164716893,True,True,True,https://www.business-standard.com/india-news/to-make-maharashtra-1-5-trn-economy-thane-must-play-crucial-role-cm-124092100591_1.html,article_like,True,test,dev,train,train,train
hmx-0106,506,"Theatre se OTT shift ko dekhte hue, Netflix ne popcorns aur snacks launch kiye binge-watching ke liye.",Netflix launched its own line of popcorns and snacks to match OTT binge-watching trends.,real,SUPPORTED,query_images\hmx-0106.png,https://www.adweek.com/brand-marketing/netflix-launches-popcorn-line-with-walmart,evdoc-96122571eeabcd6f,True,True,True,https://www.adweek.com/brand-marketing/netflix-launches-popcorn-line-with-walmart,article_like,True,train,dev,train,train,dev
hmx-0107,508,"Justice Sanjiv Khanna banenge Bharat ke 51st Chief Justice — oath 11 Nov ko, unke father bhi HC judge the.",Justice Sanjiv Khanna will become the 51st Chief Justice of India.,real,SUPPORTED,query_images\hmx-0107.png,https://www.livelaw.in/top-stories/justice-sanjiv-khanna-next-chief-justice-of-india-245675,evdoc-672ebe9499885d04,True,True,True,https://www.livelaw.in/top-stories/justice-sanjiv-khanna-next-chief-justice-of-india-245675,article_like,True,test,train,test,retired_v5_test,retired_prior
hmx-0111,515,Varanasi mein 9 saal ka bacha jise brain tumor hai — ek din ke liye IPS officer bana.,A 9-year-old boy with a brain tumor was made an IPS officer for a day in Varanasi,real,SUPPORTED,query_images\hmx-0111.png,https://www.indiatoday.in/india/story/up-boy-battling-brain-tumour-becomes-ips-officer-for-a-day-2493981-2024-01-22,evdoc-01068b45243bda7e,True,True,True,https://www.indiatoday.in/india/story/up-boy-battling-brain-tumour-becomes-ips-officer-for-a-day-2493981-2024-01-22,article_like,True,dev,test,train,train,test
hmx-0118,523,"Nagpur ke psychologist ne counselling aur personal development ke naam pe 15 saalon mein 50 ladkiyon ko sexually exploit kiya aur phir unko blackmail kiya. POCSO Act ke tahat arrested hua hai, uski patni aur ek aide abhi bhi farar hain.",A psychologist from Nagpur has been arrested under the POCSO Act for allegedly raping and sexually exploiting nearly 50 girls over the past 15 years under the guise of counseling and then blackmailing them,real,SUPPORTED,query_images\hmx-0118.png,https://indianexpress.com/article/cities/mumbai/nagpur-psychologist-arrested-for-sexually-assaulting-blackmailing-students-9780793,evdoc-412136d8f8636188,True,True,True,https://indianexpress.com/article/cities/mumbai/nagpur-psychologist-arrested-for-sexually-assaulting-blackmailing-students-9780793,article_like,True,test,train,train,train,dev
hmx-0119,524,Photographer ne Himalayas ke Ladakh aur Spiti mein stunning snow leopard ki tasveeren capture ki – yeh rare close‑up images ek lambi time period mein li gayi!,A photographer has captured stunning close-up photos of a snow leopard in the Himalayas (Ladakh & Spiti).,real,SUPPORTED,query_images\hmx-0119.png,https://mymodernmet.com/inger-vandyke-hidden-snow-leopard-photo,evdoc-5697d4e121125aac,True,True,True,https://mymodernmet.com/inger-vandyke-hidden-snow-leopard-photo,article_like,True,test,train,train,test,retired_prior
hmx-0120,525,"IIT Baba ko Jaipur police ne ganja possession ke saath arrest kiya, unka kehna hai woh Mahadev ka prasad tha. Abhay Singh ke khilaaf NDPS Act ke tahat case darj hua hai.",Jaipur Police has arrested IIT Baba Abhay Singh for possession of marijuana; he claimed it was prasad. A case has been registered under the NDPS Act.,real,SUPPORTED,query_images\hmx-0120.png,https://www.newindianexpress.com/nation/2025/Mar/03/fir-against-iit-baba-over-alleged-drug-possession-suicide-threat-in-jaipur-hotel,evdoc-c36e467a0c07bd8c,True,True,True,https://www.newindianexpress.com/nation/2025/Mar/03/fir-against-iit-baba-over-alleged-drug-possession-suicide-threat-in-jaipur-hotel,article_like,True,train,dev,train,test,retired_prior
hmx-0121,526,"Suits LA dhamaka laa raha hai, aur humein pata hai kaun zimmedaar hai.","For the promotion of Suits: LA, JioHotstar has put up outdoor billboards featuring the text “Goddamn right! I’M BACK!”, implying the return of Harvey Specter.",real,SUPPORTED,query_images\hmx-0121.png,https://www.gadgets360.com/entertainment/news/suits-la-debuts-with-a-fresh-legal-drama-suits-la-premiere-where-to-watch-cast-plot-streaming-details-7782993,evdoc-759c688403425a5b,True,True,True,https://www.gadgets360.com/entertainment/news/suits-la-debuts-with-a-fresh-legal-drama-suits-la-premiere-where-to-watch-cast-plot-streaming-details-7782993,article_like,True,test,train,train,train,dev
hmx-0122,527,"RBI ne 100 tonne sona UK se India laakar apne vaults mein rakha, pehli baar 1991 ke baad: Report. Ye sona 60,000 crore rupaye se zyada keemat ka hai, agle kuch mahino mein aur bhi aane ki sambhavana hai.",The RBI has brought back 100 tonnes of gold from the UK to store it in its own vaults in India.,real,SUPPORTED,query_images\hmx-0122.png,https://timesofindia.indiatimes.com/etimes/trending/india-has-brought-back-1-lakh-kg-of-gold-from-uk-and-why-its-a-good-news/articleshow/114504808.cms,evdoc-b808323f6c9d822f,True,True,True,https://timesofindia.indiatimes.com/etimes/trending/india-has-brought-back-1-lakh-kg-of-gold-from-uk-and-why-its-a-good-news/articleshow/114504808.cms,article_like,True,train,train,dev,dev,retired_prior
hmx-0123,528,"UP ki ek mahila ko 4 saal 6 mahine (1,653 days) ki jail hui jab usne jhootha rape case file kiya tha & jiske khilaaf case tha us aadmi ne 4 saal jail mein bitaaye.Us par ₹5.9 lakh ya ₹6 lakh ka jurmana bhi lagaya gaya, jab investigation ne dikhaya ki vo aadmi nirdosh tha.",UP woman sentenced to ~4 years 6 months jail and fined ₹5.9 lakh for filing a false rape case in which the accused spent 4 years in jail.,real,SUPPORTED,query_images\hmx-0123.png,https://www.ndtv.com/india-news/up-woman-jailed-for-exact-period-man-she-falsely-accused-of-rape-served-5611078,evdoc-bbaf2e0fc84aa38f,True,True,True,https://www.ndtv.com/india-news/up-woman-jailed-for-exact-period-man-she-falsely-accused-of-rape-served-5611078,article_like,True,train,dev,dev,dev,retired_prior
hmx-0124,529,"Namibia ne elephant, zebra aur hippo jaise wildlife ko maarne ka plan banaya hai meat ke liye, kyunki country mein severe drought chal raha hai. Yeh meat un logon ko diya jayega jo food shortage se suffer kar rahe hain. Country abhi food shortage, inflation aur economic decline ka samna kar rahi hai.","During the ongoing drought, Namibia will cull elephants, zebras, hippos, and over 700 other wild animals, and distribute their meat among the people.",real,SUPPORTED,query_images\hmx-0124.png,https://www.aljazeera.com/news/2024/8/30/why-is-namibia-culling-elephants-and-hippos-for-meat,evdoc-ea24dff2c4259859,True,True,True,https://www.aljazeera.com/news/2024/8/30/why-is-namibia-culling-elephants-and-hippos-for-meat,article_like,True,train,train,train,train,train
hmx-0125,530,"Puri Hyderabad ke forest ko restore karo, nahi toh jail ke liye ready ho jao— Supreme Court ne Telangana sarkar ko kaha.","The Supreme Court has warned the Telangana government that if the Kancha Gachibowli forest in Hyderabad is not restored, senior officers could face jail time",real,SUPPORTED,query_images\hmx-0125.png,https://indianexpress.com/article/india/forest-kancha-gachibowli-supreme-court-telangana-government-10008430,evdoc-2ad36a395e743a91,True,True,True,https://indianexpress.com/article/india/forest-kancha-gachibowli-supreme-court-telangana-government-10008430,article_like,True,dev,train,test,retired_v5_test,retired_prior
hmx-0127,532,"Aakhri 24 ghanto mein kya-kya hua, ek nazar daaliye","In the last 24 hours, several important events have taken place across the country and the world that people should pay attention to.",real,SUPPORTED,query_images\hmx-0127.png,https://timesofindia.indiatimes.com/briefs,evdoc-959b294406073c3e,True,True,True,https://timesofindia.indiatimes.com/briefs,article_like,True,train,test,train,train,test
hmx-0129,534,Ek meme Mamata Banerjee par share karne par cyber crime ka notice bheja gaya; lekin PM Modi ne wahi meme irony dikhane ke liye share kiya.Logon ne yeh bhi highlight kiya ki meme ke liye kaun 'dictator' jaise behave kar raha hai.,"Kolkata Police issued a cyber crime notice to social media users for sharing a spoof meme of Mamata Banerjee, while PM Modi later shared a similar spoof meme of himself, highlighting perceived irony. Netizens pointed out who is behaving like a ‘dictator’ in meme-related censorship.",real,SUPPORTED,query_images\hmx-0129.png,https://www.indiatoday.in/india/story/kolkata-police-notice-x-users-meme-spoof-video-mamata-banerjee-lil-yachty-2535968-2024-05-06,evdoc-a4f51e1a71522b58,True,True,True,https://www.indiatoday.in/india/story/kolkata-police-notice-x-users-meme-spoof-video-mamata-banerjee-lil-yachty-2535968-2024-05-06,article_like,True,train,test,dev,dev,retired_prior
hmx-0130,535,12 saal ke Indian-American bacche ne US National Spelling Bee contest jeet liya word 'abseil' ke saath.Usne final tie-breaker round mein 90 seconds mein 30 mein se 29 words sahi spell kiye aur Faizan Zaki ko hara diya.,"A 12-year-old Indian-American contestant (Bruhat Soma) won the 2024 Scripps National Spelling Bee by correctly spelling 29 out of 30 words in 90 seconds during a tie-breaker round, securing the championship with the word ""abseil.""",real,SUPPORTED,query_images\hmx-0130.png,https://people.com/12-year-old-from-florida-wins-national-spelling-bee-after-tiebreaker-8656568,evdoc-4943da55fb9762b3,True,True,True,https://people.com/12-year-old-from-florida-wins-national-spelling-bee-after-tiebreaker-8656568,article_like,True,test,train,train,train,train
hmx-0131,536,"Maharashtra ka ek ladka jab leg surgery ke liye hospital gaya, toh doctors ne galti se uska circumcision kar diya. Ab is matter par investigation chal rahi hai.Yeh incident ek government hospital mein hua, jahan uske parents ne complaint file ki hai.",A boy who was admitted to a Maharashtra government hospital for leg surgery was mistakenly subjected to circumcision. An investigation into the incident is now underway.,real,SUPPORTED,query_images\hmx-0131.png,https://www.ndtv.com/india-news/maharashtra-boy-goes-in-for-leg-surgery-comes-out-circumcised-probe-on-5994798,evdoc-4c41559797d698f9,True,True,True,https://www.ndtv.com/india-news/maharashtra-boy-goes-in-for-leg-surgery-comes-out-circumcised-probe-on-5994798,article_like,True,dev,train,test,retired_v5_test,retired_prior
hmx-0132,537,"Mera kaam meri future ko define nahi karta"" — Noida ka 18 saal ka samosa bechne wala ladka NEET UG exam clear karke ek government medical college mein admission le raha hai.Usne 720 mein se 664 marks score kiye.","An 18-year-old boy from Noida, who used to sell samosas, has cleared the NEET UG exam and is now getting admission into a government medical college.",real,SUPPORTED,query_images\hmx-0132.png,https://www.ndtv.com/education/samosa-seller-cracks-neet-gets-admission-in-government-medical-college-6451598,evdoc-f8c90209e14de7eb,True,True,True,https://www.ndtv.com/education/samosa-seller-cracks-neet-gets-admission-in-government-medical-college-6451598,article_like,True,train,train,train,train,dev
hmx-0133,538,"School ke bachchon ne kaha agar Principal ne houses change nahi kiye, toh ""Bald Protest"" karenge.Ek blackboard par likha gaya message viral ho gaya.Social media memes se bhar gaya aur logon ne bachchon ke concern ko support kiya.","Students at KLPD School threatened to stage a ""bald protest"" if the Principal did not revert their house assignments. On the school blackboard, the students wrote to the Principal",real,SUPPORTED,query_images\hmx-0133.png,https://odishatv.in/news/viral/school-students-threaten-principal-with-protest-by-going-bald-for-spoiling-vibe-warn-to-245285,evdoc-0aa53c40ace48778,True,True,True,https://odishatv.in/news/viral/school-students-threaten-principal-with-protest-by-going-bald-for-spoiling-vibe-warn-to-245285,article_like,True,dev,test,dev,dev,retired_prior
hmx-0134,539,"Ek aurat ne apne pati ki lambi umar ke liye Karva Chauth ka vrat rakha,lekin usi raat usne usse zeher mila pasta khila kar maar diya.Wajah yeh thi ki use pata chal gaya tha ki uska pati uska dhoka de raha tha.","A woman observed the Karva Chauth fast for her husband’s long life. Later that evening, she allegedly poisoned her husband’s food and caused his death, reportedly after discovering that he may have been unfaithful. The case has triggered a police investigation.",real,SUPPORTED,query_images\hmx-0134.png,https://www.ndtv.com/india-news/karwa-chauth-murder-uttar-pradesh-kaushambi-up-woman-keeps-karwa-chauth-fast-then-kills-husband-by-poisoning-him-6838758,evdoc-afd7afdb8a75f89b,True,True,True,https://www.ndtv.com/india-news/karwa-chauth-murder-uttar-pradesh-kaushambi-up-woman-keeps-karwa-chauth-fast-then-kills-husband-by-poisoning-him-6838758,article_like,True,train,train,test,retired_v5_test,retired_prior
hmx-0135,540,"Jo log accident victims ki madad karenge, unhe milega ₹25,000 ka reward — Nitin Gadkari ne kiya announcement.Yeh step isliye liya gaya hai kyunki aksar log sirf dekhte hain, madad nahi karte. Is scheme ka naam hai 'Good Samaritan' Scheme — logo ko achha kaam karne ke liye encourage karne ke liye.","Union Minister Nitin Gadkari announced that individuals who assist accident victims—by transporting them to a hospital within the golden hour—will receive a ₹25,000 reward under the revised Good Samaritan/Rah‑Veer scheme.",real,SUPPORTED,query_images\hmx-0135.png,https://www.indiatoday.in/india/story/transport-minister-nitin-gadkari-good-samaritans-reqard-scheme-helping-accident-hospital-2663961-2025-01-13,evdoc-673ad4b19c1ef7f6,True,True,True,https://www.indiatoday.in/india/story/transport-minister-nitin-gadkari-good-samaritans-reqard-scheme-helping-accident-hospital-2663961-2025-01-13,article_like,True,test,train,test,retired_v5_test,retired_prior
hmx-0136,541,West Bengal ka ek aadmi ne apne boss aur colleagues ko chaku maar diya kyunki unhone usse apni wife se milne ke liye chhutti dene se mana kar diya.Woh aadmi khoon se bhari chaku lekar ghar chala gaya.,"A West Bengal government employee, after being denied leave to meet his wife, stabbed his boss and colleagues and then walked home carrying a blood-stained knife.",real,SUPPORTED,query_images\hmx-0136.png,https://www.ndtv.com/india-news/denied-leave-bengal-man-stabs-colleagues-then-walks-around-with-knife-7653370,evdoc-70cf216f9edb2f2c,True,True,True,https://www.ndtv.com/india-news/denied-leave-bengal-man-stabs-colleagues-then-walks-around-with-knife-7653370,article_like,True,test,train,train,train,train
hmx-0138,543,Virat sir ne mujhe uthaya aur bola 'jaldi se bhaag ja' – Eden Gardens ke pitch par ghusne wale 18 saal ke fan par is IPL mein ban lag gaya.,"An 18-year-old fan invaded the pitch at Eden Gardens during an IPL match, hugged Virat Kohli, and later said Kohli told him “jaldi se bhaag ja.” He is now banned from attending the remaining IPL 2025 matches.",real,SUPPORTED,query_images\hmx-0138.png,https://sports.ndtv.com/ipl-2025/what-virat-kohli-told-eden-gardens-pitch-invader-during-ipl-2025-opener-jaldi-se-8005403,evdoc-a732cb37d2f77bae,True,True,True,https://sports.ndtv.com/ipl-2025/what-virat-kohli-told-eden-gardens-pitch-invader-during-ipl-2025-opener-jaldi-se-8005403,article_like,True,train,train,train,train,dev
hmx-0140,609,"""Paris ke logon ne ‘Olympic Poop Protest’ start kiya taaki govt ko dikhaya ja sake ki unki rivers kitni gandi hain swimming ke liye. Protest mein log Seine river mein mass pooping karenge taaki authorities saaf safai sach mein karein, sirf show na karein."",","Paris citizens launched an ‘Olympic Poop Protest’ to show how dirty the Seine river is ahead of the Olympics."",",real,SUPPORTED,query_images\hmx-0140.jpg,https://www.independent.co.uk/news/world/europe/paris-seine-poop-protest-olympics-b2575749.html,evdoc-b768888802ee4ce5,True,True,True,https://www.independent.co.uk/news/world/europe/paris-seine-poop-protest-olympics-b2575749.html,article_like,True,train,train,test,retired_v5_test,retired_prior
hmx-0141,610,"Ek aadmi ne Uber ke ₹27 extra charge hone par case file kiya, jisme usko ₹8000 mila aur Uber par ₹20,000 ka fine bhi laga. Complainant Ritvik Garg Chandigarh ka tha jisse ₹53 ki jagah ₹80 charge kiya gaya tha","Man files case after being charged ₹27 extra by Uber, gets ₹8000 plus an extra ₹20,000 fine for Uber",real,SUPPORTED,query_images\hmx-0141.jpg,https://www.indiatoday.in/india/story/man-wins-case-against-uber-over-extra-charge-gets-compensation-fine-2518104-2024-07-10,evdoc-efd97007799cf470,True,True,True,https://www.indiatoday.in/india/story/man-wins-case-against-uber-over-extra-charge-gets-compensation-fine-2518104-2024-07-10,article_like,True,train,train,train,train,dev
hmx-0145,614,"Ek female YouTuber ne apne boyfriend ke saath milkar pati ka murder kiya aur uski body gutter mein daal di."",","Female YouTuber kills husband with boyfriend, dumps body in sewer",real,SUPPORTED,query_images\hmx-0145.jpg,https://www.indiatoday.in/crime/story/youtube-dancer-kills-husband-boyfriend-body-sewer-ghaziabad-2437825-2024-04-16,evdoc-c28e571222ec4013,True,True,True,https://www.indiatoday.in/crime/story/youtube-dancer-kills-husband-boyfriend-body-sewer-ghaziabad-2437825-2024-04-16,article_like,True,train,train,train,train,test
hmx-0153,622,Jammu & Kashmir mein ek deadly terror attack mein 7 log mare gaye aur kai ghayal hue. Lashkar-e-Taiba ke terrorists ne ek construction site par civilians par firing ki. Amit Shah aur CM Abdullah ne is attack ki kadi ninda ki,"7 people were killed and several injured in a terror attack in Jammu & Kashmir, carried out by Lashkar-e-Taiba terrorists",real,SUPPORTED,query_images\hmx-0153.jpg,https://www.indiatoday.in/india/story/jammu-kashmir-terror-attack-poonch-amit-shah-omar-abdullah-react-2024-06-18-2543056-2024-06-18,evdoc-3738dd7ecc076a81,True,True,True,https://www.indiatoday.in/india/story/jammu-kashmir-terror-attack-poonch-amit-shah-omar-abdullah-react-2024-06-18-2543056-2024-06-18,article_like,True,dev,train,train,test,retired_prior
hmx-0155,624,"ISRO Chief ne bola ki har ₹1 jo ISRO mein invest hota hai, uske badle society ko ₹2.5 ka return milta hai. Unhone yeh bhi clear kiya ki ISRO ka goal NASA se compete karna nahi, balki nation ki service karna hai — especially jab log space investment pe sawal utha rahe hain","ISRO Chief stated that for every ₹1 invested in ISRO, society gets ₹2.5 in return, emphasizing that ISRO’s goal is to serve the nation, not compete with NASA",real,SUPPORTED,query_images\hmx-0155.jpg,https://www.businesstoday.in/latest/in-focus/story/for-every-re-1-invested-in-isro-society-gets-rs-25-back-chairman-s-somanath-437110-2024-06-24,evdoc-a3c24ecde9890323,True,True,True,https://www.businesstoday.in/latest/in-focus/story/for-every-re-1-invested-in-isro-society-gets-rs-25-back-chairman-s-somanath-437110-2024-06-24,article_like,True,train,train,dev,dev,retired_prior
hmx-0157,627,"Indian govt ne ek proposal diya hai jisme ₹23,000 se start hone wale annual aur lifetime FASTag passes honge, jisse log unlimited toll-free travel kar sakenge. Yeh system existing FASTags ke saath integrate kiya jaayega","Indian government has proposed annual and lifetime FASTag passes starting at ₹23,000, offering unlimited toll-free travel",real,SUPPORTED,query_images\hmx-0157.jpg,https://www.moneycontrol.com/news/business/indian-govt-mulls-unlimited-toll-pass-valid-for-a-year-or-lifetime-12658941.html,evdoc-34274762df1bc256,True,True,True,https://www.moneycontrol.com/news/business/indian-govt-mulls-unlimited-toll-pass-valid-for-a-year-or-lifetime-12658941.html,article_like,True,dev,test,dev,dev,retired_prior
hmx-0158,628,"Google Maps kehta hai Bengaluru mein 6 km walk karna drive karne se zyada tez hai. Log kah rahe hain, mausam theek hai, walk ‘worth it’ hai. Pure India se log apne city ke traffic screenshots share karne lage.","Google Maps shows that walking 6 km in Bengaluru can be faster than driving due to heavy traffic, prompting nationwide reactions about city traffic.",real,SUPPORTED,query_images\hmx-0158.jpg,https://economictimes.indiatimes.com/magazines/panache/bengaluru-traffic-viral-google-map-screenshot-shows-walking-is-faster-than-driving-6-km-netizens-voice-frustration/articleshow/112074162.cms?from=mdr,evdoc-677e3f0618903785,True,True,True,https://economictimes.indiatimes.com/magazines/panache/bengaluru-traffic-viral-google-map-screenshot-shows-walking-is-faster-than-driving-6-km-netizens-voice-frustration/articleshow/112074162.cms?from=mdr,article_like,True,test,train,test,retired_v5_test,retired_prior
hmx-0159,629,"Ab private vehicle owners, jinmein functional GNSS installed hai, unke liye pehle 20 km ka toll tax zero ho gaya! Govt ne 'National Highways Fee Rules' mein amendment kiya hai.","The government has amended the National Highways Fee Rules to exempt private vehicles equipped with functional GNSS from paying toll tax for journeys up to 20 km per day on national highways; beyond that, charges apply based on actual distance traveled.",real,SUPPORTED,query_images\hmx-0159.jpg,https://www.ndtv.com/india-news/no-toll-up-to-20-km-for-private-vehicles-with-global-navigation-satellite-system-6535468,evdoc-beee4fe671ebc03b,True,True,True,https://www.ndtv.com/india-news/no-toll-up-to-20-km-for-private-vehicles-with-global-navigation-satellite-system-6535468,article_like,True,train,train,train,test,retired_prior
hmx-0160,630,Anant Ambani aur Radhika Merchant ki shaadi ka invitation aagaya hai: Shaadi 12 July ko Mumbai mein hogi. Isse India ki sabse badi aur mehngi shaadi mana ja raha hai. The Tatva,"Anant Ambani and Radhika Merchant’s wedding invitation is out, and the wedding is scheduled for 12th July in Mumbai. It is being referred to as India’s biggest and most expensive wedding.",real,SUPPORTED,query_images\hmx-0160.jpg,https://www.financialexpress.com/life/lifestyle-anant-ambani-and-radhika-merchants-three-day-wedding-card-out-know-about-the-venue-dress-code-and-guests-3508025,evdoc-14b3e5e504f7c992,True,True,True,https://www.financialexpress.com/life/lifestyle-anant-ambani-and-radhika-merchants-three-day-wedding-card-out-know-about-the-venue-dress-code-and-guests-3508025,article_like,True,dev,train,train,train,train
hmx-0161,631,"Bombay High Court ne Pune ke Porsche driver teen ko bail di kyunki 'wo trauma mein hai' 2 logon ko maarne ke baad. Court ne uski arrest ko illegal bataya. Log keh rahe hain: ""Drink karo, drive karo, maaro... par arrest na ho?""","Bombay High Court granted bail to the Pune teen who killed 2 people with his Porsche, stating he was in trauma, and calling his arrest illegal.",real,SUPPORTED,query_images\hmx-0161.jpg,https://www.indiatoday.in/law/story/bombay-high-court-orders-release-pune-teen-accused-porsche-crash-case-calls-remand-order-illegal-2557792-2024-06-25,evdoc-344efe99e4ed4eab,True,True,True,https://www.indiatoday.in/law/story/bombay-high-court-orders-release-pune-teen-accused-porsche-crash-case-calls-remand-order-illegal-2557792-2024-06-25,article_like,True,dev,train,train,test,retired_prior
hmx-0162,632,"Europe ke baad ab India bhi sabhi devices — jaise phones, laptops aur tablets — mein USB Type-C charging port mandatory banane ja raha hai. Yeh standardisation agle saal se lagu hone ki umeed hai.","India will make USB-C charging ports mandatory in all devices like phones, laptops, and tablets starting next year.",real,SUPPORTED,query_images\hmx-0162.jpg,https://www.indiatoday.in/technology/news/story/smartphones-and-tablets-sold-in-india-will-reportedly-need-to-use-a-common-usb-c-charging-port-by-june-2025-2558941-2024-06-27,evdoc-11d105a9d9d1f1da,True,True,True,https://www.indiatoday.in/technology/news/story/smartphones-and-tablets-sold-in-india-will-reportedly-need-to-use-a-common-usb-c-charging-port-by-june-2025-2558941-2024-06-27,article_like,True,dev,train,train,train,test
hmx-0163,633,"India mein 75% log UPI aur digital payments ki wajah se overspending kar rahe hain, aur sirf 7% logon ko lagta hai ki unhe financial benefit mila hai. IIIT ki study ke mutabik logon ke kharche karne ke tareeke saalon mein kaafi badle hain.","75% of people in India are overspending due to UPI and digital payments, and only 7% feel financially benefited, according to a recent survey.",real,SUPPORTED,query_images\hmx-0163.jpg,https://inshorts.com/en/news/75-overspend-with-upi-digital-payment-only-7-are-benefited-1715055466277,evdoc-9fa6d881a730f9a3,True,True,True,https://inshorts.com/en/news/75-overspend-with-upi-digital-payment-only-7-are-benefited-1715055466277,article_like,True,train,train,train,train,train
hmx-0164,634,"Pawan Kalyan ki wife ne Tirumala mandir mein apne baal chadhaye, jab unka beta fire accident se bach gaya. Unke bete ke haath aur pair jal gaye the, aur usne smoke inhale kiya tha accident ke dauraan.",Pawan Kalyan's wife offered her hair at Tirumala temple after their son survived a fire accident.,real,SUPPORTED,query_images\hmx-0164.jpg,https://www.indiatoday.in/movies/regional-cinema/story/pawan-kalyan-wife-anna-lezhneva-offers-hair-at-tirumala-after-son-survives-fire-accident-2708558-2025-04-14,evdoc-9e7f51b152339d4c,True,True,True,https://www.indiatoday.in/movies/regional-cinema/story/pawan-kalyan-wife-anna-lezhneva-offers-hair-at-tirumala-after-son-survives-fire-accident-2708558-2025-04-14,article_like,True,train,dev,train,train,train
hmx-0165,635,"Pakistan ne Lahore mein kai blasts hone ka dawa kiya, lambi sirens suni gayi aur sheher mein dar ka mahaul ban gaya.","Pakistan has reported multiple blasts in Lahore on May 8, 2025, leading to sirens and public panic.",real,SUPPORTED,query_images\hmx-0165.jpg,https://www.thehindu.com/news/international/blast-heard-in-pakistans-lahore-says-media-report/article69551939.ece,evdoc-33434846a286e07b,True,True,True,https://www.thehindu.com/news/international/blast-heard-in-pakistans-lahore-says-media-report/article69551939.ece,article_like,True,dev,dev,dev,dev,retired_prior
hmx-0166,636,"Putin ne Israel ko warn kiya ki Iran mein jo hundreds Russian nuclear experts hain, woh wapas nahi jayenge.",Putin has warned Israel that hundreds of Russian nuclear experts currently in Iran will not be withdrawn.,real,SUPPORTED,query_images\hmx-0166.jpg,https://www.newsweek.com/russia-issues-new-nuclear-warning-iran-israel-conflictalarm-bells-2088384,evdoc-ef46eaf251fe6ac0,True,True,True,https://www.newsweek.com/russia-issues-new-nuclear-warning-iran-israel-conflictalarm-bells-2088384,article_like,True,train,train,test,retired_v5_test,retired_prior
hmx-0167,637,Skincare brand Deconstruct ne India ke alag-alag cities mein free sunscreen vending machines lagaye hain. Log excited ho kar try karne ja rahe hain. Brand ka aim hai skin health ko promote karna iss innovative step ke through.,Skincare brand Deconstruct has installed free sunscreen vending machines across India to promote skin health.,real,SUPPORTED,query_images\hmx-0167.jpg,https://www.afaqs.com/news/advertising/deconstructs-new-campaign-makes-sunscreen-part-of-daily-routine-9018943,evdoc-45bf6b2979ccdb0a,True,True,True,https://www.afaqs.com/news/advertising/deconstructs-new-campaign-makes-sunscreen-part-of-daily-routine-9018943,article_like,True,test,train,dev,dev,retired_prior
hmx-0168,638,"""Roz ka yahi kaam hai mera"" — Fitness influencer Rajat Dalal ne ek biker ko SUV se hit kiya aur bina ruke nikal gaya, sirf mazaak ke liye. Woh 140 km/hr ki speed se gaadi chala raha tha aur ek ladki ko impress kar raha tha.",Fitness influencer Rajat Dalal hit a biker and drove away for fun while overspeeding and showing off to a girl.,real,SUPPORTED,query_images\hmx-0168.jpg,https://m.economictimes.com/magazines/panache/influencer-rajat-dalal-hits-biker-with-suv-at-143-kmph-speed-says-koi-baat-nahi-watch-viral-video/articleshow/112923474.cms,evdoc-105962d8787494d4,True,True,True,https://m.economictimes.com/magazines/panache/influencer-rajat-dalal-hits-biker-with-suv-at-143-kmph-speed-says-koi-baat-nahi-watch-viral-video/articleshow/112923474.cms,article_like,True,dev,train,train,train,test
hmx-0169,639,"RUSSIA ne Ukraine par approximately 400 drones aur 40 missiles se bada hamla kiya, jisme kam se kam 6 logon ki jaan gayi aur 50+ log ghaayal hue. Yeh yudh ke shuru hone ke baad se sabse bade hamlon mein se ek mana ja raha hai.","Russia launched a massive drone-and-missile strike on Ukraine using around 400 drones and 40 missiles, killing at least 6 people and injuring dozens—it ranks among the largest attacks since the war began.",real,SUPPORTED,query_images\hmx-0169.jpg,https://www.cnn.com/2025/07/16/europe/russia-ukraine-400-drones-attack-intl-hnk,evdoc-853adbe809055957,True,True,True,https://www.cnn.com/2025/07/16/europe/russia-ukraine-400-drones-attack-intl-hnk,article_like,True,test,train,train,train,train
hmx-0170,640,"Newly‑wed bride ne dowry torture jhelte‑jhelte apni jaan de di, usne Volvo car aur 0.8 kg gold diya tha. Usne apne aakhri shabdon mein kaha: “Sorry father, everything is over.”","A 27-year-old newlywed bride in Tamil Nadu committed suicide due to dowry harassment, despite giving a Volvo car and 0.8 kg of gold; her last words were “Sorry father, everything is over.”",real,SUPPORTED,query_images\hmx-0170.jpg,https://indianexpress.com/article/cities/chennai/harassed-dowry-gold-volvo-newlywed-bride-dies-suicide-tamil-nadu-10097814,evdoc-5b138a98940ba13a,True,True,True,https://indianexpress.com/article/cities/chennai/harassed-dowry-gold-volvo-newlywed-bride-dies-suicide-tamil-nadu-10097814,article_like,True,test,train,train,train,dev
hmx-0171,641,"India jaldi sabhi toll plazas khatam kar dega, aur satellite-based system introduce karega: Nitin Gadkari Paise seedha bank account se road usage ke basis par deduct honge.","India will soon phase out traditional toll plazas and adopt a satellite (GNSS)-based toll collection system, where tolls are automatically deducted from users' bank accounts based on distance traveled.",real,SUPPORTED,query_images\hmx-0171.jpg,https://www.pib.gov.in/PressReleasePage.aspx?PRID=2122632,evdoc-69d6882808c911a5,True,False,False,https://www.pib.gov.in/PressReleasePage.aspx?PRID=2122632,article_like,True,test,test,train,train,dev
hmx-0172,642,Alvida G.O.A.T. Sunil Chhetri ne apna aakhri match khela Duniya ke 3rd highest goal scorer ab international football se retire ho gaye,"Sunil Chhetri, India’s football legend and the world’s 3rd highest active goal-scorer, has played his last international match and retired from international football.",real,SUPPORTED,query_images\hmx-0172.jpg,https://www.aljazeera.com/sports/2025/3/8/india-football-great-chhetri-comes-out-of-retirement-aged-40-for-asia-cup,evdoc-48a31d12fd2b7fc1,True,True,True,https://www.aljazeera.com/sports/2025/3/8/india-football-great-chhetri-comes-out-of-retirement-aged-40-for-asia-cup,article_like,True,test,dev,dev,dev,retired_prior
hmx-0173,643,130+ logon ki maut UP mein ek dharmik karyakram ke dauraan bhid-bhaad (stampede) se ho gayi. Yeh event 'Bhole Baba' naam ke ek self-styled godman ke dwara aayojit kiya gaya tha. Sarkar ne Rs 2 lakh ka ex-gratia announce kiya hai. Police ne ashram par raid bhi ki hai.,Over 130 people were killed in a stampede at a religious event in Uttar Pradesh organized by a self-styled godman known as ‘Bhole Baba’.,real,SUPPORTED,query_images\hmx-0173.jpg,https://www.thehindu.com/news/national/uttar-pradesh/stampede-at-satsang-in-uttar-pradesh-hathras-many-killed/article68359225.ece,evdoc-d8eadbec5a1760ba,True,True,True,https://www.thehindu.com/news/national/uttar-pradesh/stampede-at-satsang-in-uttar-pradesh-hathras-many-killed/article68359225.ece,article_like,True,train,train,train,train,train
hmx-0174,644,"Rishi Sunak haar gaye UK elections mein. Keir Starmer naye PM banne ja rahe hain, Labour Party ne 14 saal baad jeet haasil ki. Sunak ne haar sweekar ki aur kaha “I’m sorry”, Starmer ne kaha “Change begins now”.","Rishi Sunak has lost the UK general elections, and Keir Starmer from the Labour Party is set to become the new Prime Minister.",real,SUPPORTED,query_images\hmx-0174.jpg,https://www.thehindu.com/news/international/keir-starmer-becomes-new-uk-prime-minister-after-labours-landslide-election-victory/article68370879.ece,evdoc-e4d48ebd67aae09b,True,True,True,https://www.thehindu.com/news/international/keir-starmer-becomes-new-uk-prime-minister-after-labours-landslide-election-victory/article68370879.ece,article_like,True,train,train,test,retired_v5_test,retired_prior
hmx-0175,645,"Chandrababu Naidu ne kaha ki Jagan govt ke time Tirupati ke laddus mein ghee ke bajaye animal fat ka use hua. YSRCP ne is baat ko jhooth bataya, aur log bhadak gaye. Election ke baad ek supplier ko hata diya gaya quality issue ke chalte.",Chandrababu Naidu claimed that animal fat was used instead of ghee in Tirupati laddus during Jagan Mohan Reddy’s government.,real,SUPPORTED,query_images\hmx-0175.jpg,https://www.indiatoday.in/india/andhra-pradesh/story/tirupati-laddu-was-prepared-using-animal-fat-says-chandrababu-naidu-sri-venkateswara-temple-andhra-pradesh-2602421-2024-09-19,evdoc-b5f46edeb957dc3d,True,True,True,https://www.indiatoday.in/india/andhra-pradesh/story/tirupati-laddu-was-prepared-using-animal-fat-says-chandrababu-naidu-sri-venkateswara-temple-andhra-pradesh-2602421-2024-09-19,article_like,True,train,train,train,train,dev
hmx-0176,646,"CM Eknath Shinde ne Maharashtra election ke liye Kopri-Pachpakhadi (Thane) seat se nomination file kiya. Unhone election ko ""vikas vs vinash ki ladai"" kaha.","CM Eknath Shinde filed his nomination for the Maharashtra elections from the Kopri-Pachpakhadi seat in Thane, and described the election as a ""fight between vikas (development) and vinash (destruction)"".",real,SUPPORTED,query_images\hmx-0176.jpg,https://www.livemint.com/elections/assembly-elections/maharashtra-election-2024-cm-eknath-shinde-files-nomination-from-kopri-pachpakhadi-assembly-seat-watch-video-11730106962793.html,evdoc-856a90cdcde7a498,True,True,True,https://www.livemint.com/elections/assembly-elections/maharashtra-election-2024-cm-eknath-shinde-files-nomination-from-kopri-pachpakhadi-assembly-seat-watch-video-11730106962793.html,article_like,True,test,train,train,train,train
hmx-0177,647,Mumbai Airport ne flyers ka stress kam karne ke liye Terminal 2 par therapy dogs introduce kiye hain. Yeh initiative logon ko kaafi pasand aa raha hai.,Mumbai Airport (Terminal 2) has introduced therapy dogs to help passengers de-stress before flights.,real,SUPPORTED,query_images\hmx-0177.jpg,https://timesofindia.indiatimes.com/city/mumbai/mumbai-airport-welcomes-therapy-dogs-to-alleviate-passenger-stress-amid-flight-delays/articleshow/114558911.cms,evdoc-89dc250b6af51dfe,True,True,True,https://timesofindia.indiatimes.com/city/mumbai/mumbai-airport-welcomes-therapy-dogs-to-alleviate-passenger-stress-amid-flight-delays/articleshow/114558911.cms,article_like,True,train,train,train,train,train
hmx-0179,659,"""delhi se bali ja rahi air india ki flight ko wapas lautna pada indonesia mein aagaya volcanic eruption ke kaaran""",an air india flight traveling from delhi to bali was forced to return due to a volcanic eruption in indonesia.,real,SUPPORTED,query_images\hmx-0179.png,https://www.indiatoday.in/india/story/bali-bound-air-india-flight-returns-to-delhi-after-volcano-erupts-near-destination-all-passengers-disembarked-2742413-2025-06-18,evdoc-808fa4cbc4001a31,True,True,True,https://www.indiatoday.in/india/story/bali-bound-air-india-flight-returns-to-delhi-after-volcano-erupts-near-destination-all-passengers-disembarked-2742413-2025-06-18,article_like,True,test,train,train,train,train
hmx-0180,660,"""viral boat kid ko riau tourism ambassador banaya gaya, diya gaya rp 20 million scholarship""","an 11-year-old boy from riau, indonesia (nicknamed the “boat kid”) was officially appointed as the tourism ambassador of riau province and awarded a scholarship worth Rp 20 million after going viral for his dance on a pacu jalur boat race.",real,SUPPORTED,query_images\hmx-0180.png,https://indiatimes.com/trending/meet-rayyan-arkan-dikha-the-indonesian-boy-behind-the-viral-aura-farming-boat-racing-dance-663811.html,evdoc-ba6f97d43f179a33,True,True,True,https://indiatimes.com/trending/meet-rayyan-arkan-dikha-the-indonesian-boy-behind-the-viral-aura-farming-boat-racing-dance-663811.html,article_like,True,train,dev,train,train,train
hmx-0181,670,"Sunita Williams abhi bhi space mein fas gayi hai, NASA ko bhi nahi pata kab aayengi wapas. Ek hafte mein aane wali thi, abhi sabji bhi ugwa rahi hai space mein","52 days on, Sunita Williams now 'indefinitely stuck in space': NASA says its still uncertain when they will return. Was supposed to come back in a weel, she is now gardening in space.",real,SUPPORTED,query_images\hmx-0181.png,https://www.cnbctv18.com/india/science/nasa-sunita-williams-stuck-in-space-boeing-starliner-international-space-station-19451192.htm,evdoc-76cc6e13c320536e,True,True,True,https://www.cnbctv18.com/india/science/nasa-sunita-williams-stuck-in-space-boeing-starliner-international-space-station-19451192.htm,article_like,True,test,train,train,test,retired_prior
hmx-0182,671,Dilli mein rehna 12 saal tak life kam kar sakta hai: ResearchPollution se Indians ki life expectancy avg 8.5 saal kam ho gayi.,"Living in Delhi reduces your lifespan by upto 12 years: Research reveals air pollution's affect on Indians. On avg for other cities, Indians live 8.5 years less than their life expectancy.",real,SUPPORTED,query_images\hmx-0182.png,https://timesofindia.indiatimes.com/life-style/health-fitness/health-news/living-in-delhi-one-might-lose-12-years-due-to-this-silent-killer/articleshow/112918714.cms,evdoc-55dfe9331b4b6514,True,True,True,https://timesofindia.indiatimes.com/life-style/health-fitness/health-news/living-in-delhi-one-might-lose-12-years-due-to-this-silent-killer/articleshow/112918714.cms,article_like,True,test,dev,train,train,train
hmx-0183,672,"Coldplay ka India tour cancel? BookMyShow CEO ko court bulaya, ShivSena bhi maang raha hai probe. Netizens bhi bol rahe hai cancel karo, Mumbai Police ko bhi complaint","Coldplay to cancel India tour? BookMyShow's CEO summoned in 'fake tickets' case, ShivSena demands probe. Netizens demand cancellation of tour, complaint filed with Mumbai Police.",real,SUPPORTED,query_images\hmx-0183.png,https://timesofindia.indiatimes.com/india/coldplay-tickets-row-mumbai-police-summons-ceo-of-bookmyshow-parent-company-over-black-marketing-charge/articleshow/113748108.cms,evdoc-c0f0e5a913183354,True,True,True,https://timesofindia.indiatimes.com/india/coldplay-tickets-row-mumbai-police-summons-ceo-of-bookmyshow-parent-company-over-black-marketing-charge/articleshow/113748108.cms,article_like,True,train,test,train,train,test
hmx-0184,673,Jagannath Mandir ke jhanda ko uchhal le gaya eagle! Netizens bol rahe hai yeh kisi badi musibat ki nishaani hai,AN EAGLE TOOK AWAY THE FLAG HANGING ON THE JAGANNATH TEMPLE NETIZENS SAYS SIGN OF AN UPCOMING DISASTER,real,SUPPORTED,query_images\hmx-0184.png,https://timesofindia.indiatimes.com/city/bhubaneswar/eagle-carries-away-flag-from-atop-puri-temple/articleshow/120319700.cms,evdoc-80bfdcfc2c2ec694,True,True,True,https://timesofindia.indiatimes.com/city/bhubaneswar/eagle-carries-away-flag-from-atop-puri-temple/articleshow/120319700.cms,article_like,True,test,train,test,retired_v5_test,retired_prior
hmx-0185,674,"Balochistan Army ne 14 Pak fauji maare, 2 senior officers bhi shaheed hue","BALOCHISTAN ARMY KILLED 14 PAK SOLDIERS, INCLUDING 2 SENIOR OFFICERS",real,SUPPORTED,query_images\hmx-0185.png,https://www.theweek.in/news/world/2023/11/03/pakistan-14-soldiers-killed-as-militants-ambush-two-security-forces-vehicles-in-balochistan.html,evdoc-101ef4b7032a6ab3,True,True,True,https://www.theweek.in/news/world/2023/11/03/pakistan-14-soldiers-killed-as-militants-ambush-two-security-forces-vehicles-in-balochistan.html,article_like,True,dev,train,test,retired_v5_test,retired_prior
hmx-0186,675,"Telangana maa-beti ne din mein chor ko peeta, gun chheen liya|Watch","Telangana mother-daughter duo fights off armed robbers, beat them & even take their guns | WATCH. The robbers had entered their home in broad day-light.",real,SUPPORTED,query_images\hmx-0186.png,https://www.indiatoday.in/india/story/video-hyderabad-woman-daughter-fight-off-chase-away-armed-robbers-2518439-2024-03-23,evdoc-1ac74bd273bc9ccd,True,True,True,https://www.indiatoday.in/india/story/video-hyderabad-woman-daughter-fight-off-chase-away-armed-robbers-2518439-2024-03-23,article_like,True,dev,train,test,retired_v5_test,retired_prior
hmx-0188,677,"Boy ko birthday par cricket kit mili, uski khushi aur excitement ka reaction viral ho gaya | WATCH. Teenager ke chehre ki woh khushi ne internet pe storm laa diya :')",Boy's heartwarming reaction after getting a cricket kit for his birthday goes viral | WATCH. The joy and excitement on a teenager's face has taken internet by storm :'),real,SUPPORTED,query_images\hmx-0188.png,https://www.news18.com/viral/boy-gets-surprise-cricket-kit-on-birthday-internet-calls-it-unspoken-emotions-9093077.html,evdoc-3733b0b6f85abc0d,True,True,True,https://www.news18.com/viral/boy-gets-surprise-cricket-kit-on-birthday-internet-calls-it-unspoken-emotions-9093077.html,article_like,True,dev,test,train,train,train
hmx-0189,678,"Hyderabad MP Owaisi ne oath ke waqt bola: ‘Allah Hu Akbar, Jai Palestine’ Jawaab mein BJP ke MP bolte dikhe, “Jai Hindu Rashtra, Jai Dr. Hedgewar!”","Hyderabad MP Owaisi says 'Allah Hu Akbar, Jai Palestine' during oath in Indian Parliament, video viral | WATCH. In response, BJP MPs were seen saying ""Jai Hindu Rashtra, Jai Dr. Hedgewar""",real,SUPPORTED,query_images\hmx-0189.png,https://www.deccanherald.com/india/jai-palestine-chant-hindu-convention-demands-owaisis-disqualification-as-mp-3082196,evdoc-87a2c94034c71ea2,True,True,True,https://www.deccanherald.com/india/jai-palestine-chant-hindu-convention-demands-owaisis-disqualification-as-mp-3082196,article_like,True,test,train,train,train,train
hmx-0190,679,"2.5 saal ki bachi ka rape karne wala Lucknow mein police encounter mein maara gaya—24 ghante ke andar hi, 1 lakh ka inaam tha","MAN ACCUSED OF RAPING 2.5-YEAR-OLD IN LUCKNOW DIES IN POLICE ENCOUNTER HE WAS CAUGHT UNDER 24 HOURS, AFTER *1 LAKH BOUNTY ANNOUNCED",real,SUPPORTED,query_images\hmx-0190.png,https://www.ndtv.com/lucknow-news/lucknow-toddler-rape-case-accused-killed-in-encounter-with-up-police-8600245,evdoc-e803d78740caac95,True,True,True,https://www.ndtv.com/lucknow-news/lucknow-toddler-rape-case-accused-killed-in-encounter-with-up-police-8600245,article_like,True,train,dev,train,train,train
hmx-0191,680,"90-degree bridge ka bawaal: 7 engineers suspend, 2 companies blacklist₹18 crore mein bana tha yeh bridge.","7 ENGINEERS SUSPENDED, 2 COMPANIES BLACKLISTED OVER 90-DEGREE BRIDGE THIS BRIDGE WAS BUILT at a cost OF RS 18 CRORE",real,SUPPORTED,query_images\hmx-0191.png,https://www.vice.com/en/article/7-engineers-suspended-after-2-3-million-bridge-includes-bizarre-90-degree-turn,evdoc-ab13394e713db1fd,True,True,True,https://www.vice.com/en/article/7-engineers-suspended-after-2-3-million-bridge-includes-bizarre-90-degree-turn,article_like,True,train,train,train,train,test
hmx-0192,681,"Jharkhand mein Congress mantri ke secretary ke ghar ED raid, ₹25 crore cash milaVirendra Ram case se judi thi yeh raid.","Mountain of cash, 25 crores+ recovered during ED raid at Congress minister's secretary in Jharkhand Raids were conducted in connection with the Virendra Ram case of 2023.",real,SUPPORTED,query_images\hmx-0192.png,https://www.ndtv.com/india-news/mountain-of-cash-found-in-raid-on-house-help-of-jharkhand-ministers-aide-5598129,evdoc-425e850cd3dcdc3a,True,True,True,https://www.ndtv.com/india-news/mountain-of-cash-found-in-raid-on-house-help-of-jharkhand-ministers-aide-5598129,article_like,True,test,train,dev,dev,retired_prior
hmx-0193,682,"Nita Ambani ne Anant-Radhika ki wedding invite Kashi Vishwanath Mandir mein present kari, Ganga Aarti bhi ki. Shaadi 12 July ko Mumbai mein hogi!",Nita Ambani presents Anant & Radhika's wedding invite at Kashi Vishwanath Temple in Varanasi She also took part in Ganga Aarti ahead of wedding on July 12 in Mumbai,real,SUPPORTED,query_images\hmx-0193.png,https://timesofindia.indiatimes.com/city/varanasi/nita-ambani-visits-kashi-vishwanath-temple-presents-sons-wedding-invitation/articleshow/111244061.cms,evdoc-c7defaaa08e8c694,True,True,True,https://timesofindia.indiatimes.com/city/varanasi/nita-ambani-visits-kashi-vishwanath-temple-presents-sons-wedding-invitation/articleshow/111244061.cms,article_like,True,train,train,dev,dev,retired_prior
hmx-0194,683,"Season ki pehli tez baarish aayi aur Delhi airport par chhat girne se kai logon ki jaan chali gayi; poore shehar mein flood aa gaya | SEE VISUALS. Airport terminal ko band kar diya, aur zor ki barish mein paani gharo tak ghus gaya!","First rain of season & several killed at Delhi airport due to roof collapse; Floods across city | SEE VISUALS. Airport Terminal shut off, water enters home amid heavy downpour.",real,SUPPORTED,query_images\hmx-0194.png,https://economictimes.indiatimes.com/news/india/roof-collapses-at-delhi-airport-flights-metro-shuttle-suspended-here-is-all-you-should-know/articleshow/111330471.cms?from=mdr,evdoc-cd4a38fb7abe1d26,True,True,True,https://economictimes.indiatimes.com/news/india/roof-collapses-at-delhi-airport-flights-metro-shuttle-suspended-here-is-all-you-should-know/articleshow/111330471.cms?from=mdr,article_like,True,train,train,train,train,test
hmx-0195,684,PM Narendra Modi ko Russia ka sabse bada civilian award 'Order of St Andrew the Apostle' Vladimir Putin se mila. Yeh unke Indo-Russian rishte ko majboot banane ke liye unki khaas yogdaan ko recognize karta hai.,PM Narendra Modi awarded Russia's highest civilian honour 'Order of St Andrew the Apostle' by Vladimir Putin It recognized his exceptional contributions to Indo-Russian bilateral relations.,real,SUPPORTED,query_images\hmx-0195.png,https://ddnews.gov.in/en/pm-modi-awarded-with-russias-highest-civilian-honour,evdoc-884944ee3a069bba,True,False,False,https://ddnews.gov.in/en/pm-modi-awarded-with-russias-highest-civilian-honour,article_like,True,dev,train,train,test,retired_prior
hmx-0196,685,"Harry Potter aur Downton Abbey ki superstar, Oscar winner abhinetri Maggie Smith 89 saal ki umar mein chal basi. Ek saal pehle Dumbledore a.k.a. Michael Gambon bhi chal base the!","Beloved Harry Potter & Downton Abbey star, Oscar winning actor Maggie Smith dies at 89 Exactly an year after Dumbledore aka Michael Gambon died.",real,SUPPORTED,query_images\hmx-0196.png,https://nypost.com/2024/09/27/entertainment/maggie-smith-died-exactly-1-year-after-michael-gambon,evdoc-515cf567cdea78eb,True,True,True,https://nypost.com/2024/09/27/entertainment/maggie-smith-died-exactly-1-year-after-michael-gambon,article_like,True,test,train,train,train,train
hmx-0197,686,Matchbox maang rahe students narcotics officer se pooch baithe – arrest ho gaye5 gram ganja ke liye paise jamaa kiye the.,"The ultimate 'buzz kill': Students search for matchbox to smoke ganja, end up asking narcotics officers and get arrested The 10 friends from Kerala had pooled money for just 5 grams of ganja.",real,SUPPORTED,query_images\hmx-0197.png,https://www.news18.com/viral/kerala-students-ask-narcotics-officers-for-matchbox-to-smoke-ganja-get-instant-buzzkill-9095875.html,evdoc-805bb1f6eb356ffc,True,True,True,https://www.news18.com/viral/kerala-students-ask-narcotics-officers-for-matchbox-to-smoke-ganja-get-instant-buzzkill-9095875.html,article_like,True,test,train,train,train,train
hmx-0198,687,Indians duniya ke guinea pigs hain? Bill Gates ne India ko bola 'laboratory jahan cheezein test aur try ki jaati hain'.,"Indians are guinea pigs of the world? Bill Gates calls India a 'laboratory to test and try things' | WATCH In a podcast, he said before unveiling things to the world he prefers trying it on India.",real,SUPPORTED,query_images\hmx-0198.png,https://economictimes.indiatimes.com/news/international/global-trends/bill-gates-courts-controversy-for-calling-india-a-kind-of-laboratory-to-try-things-see-viral-video/articleshow/115929311.cms?from=mdr,evdoc-a681b7d374eb7ce1,True,True,True,https://economictimes.indiatimes.com/news/international/global-trends/bill-gates-courts-controversy-for-calling-india-a-kind-of-laboratory-to-try-things-see-viral-video/articleshow/115929311.cms?from=mdr,article_like,True,train,train,dev,dev,retired_prior
hmx-0199,688,"MP Gwalior mein ₹8000 crore investment hua, Adani group and others bhi shamil 35,000 jobs milne ki umeed. Poore MP ke urban aur rural areas ko fayda hoga!","MP raises 8,000 cr investment in Gwalior including Adani group and other: All set to generate 35,000 jobs The Regional Industrial Conclave aims to boost all urban & rural areas of MP.",real,SUPPORTED,query_images\hmx-0199.png,https://timesofindia.indiatimes.com/india/adani-group-to-invest-3-5k-cr-in-mp-create-3500-jobs-cm-mohan-yadav/articleshow/112880579.cms,evdoc-5517648609b12727,True,True,True,https://timesofindia.indiatimes.com/india/adani-group-to-invest-3-5k-cr-in-mp-create-3500-jobs-cm-mohan-yadav/articleshow/112880579.cms,article_like,True,test,train,train,train,train
hmx-0200,689,"Traffic ka last option? Maharashtra sarkar kar rahi hai planning—har parivaar ke cars ki limit lagayegi, tax bhi badhai jaegi. Congestion tax aur parking certificate bhi mandatory hoga!","Last option to control traffic? Maharashtra govt planning to limit cars owned per family & hike taxes. Congestion taxes, mandatory parking certification also planned by govt.",real,SUPPORTED,query_images\hmx-0200.png,https://www.hindustantimes.com/cities/mumbai-news/govt-proposes-congestion-taxes-limit-on-number-of-cars-per-family-101736536124978.html,evdoc-87a41b9a6e756356,True,True,True,https://www.hindustantimes.com/cities/mumbai-news/govt-proposes-congestion-taxes-limit-on-number-of-cars-per-family-101736536124978.html,article_like,True,test,train,train,train,train
hmx-0201,690,"Shaadi mein wig nahi pehni dulhan – ‘Bald is beautiful’ photos viralAlopecia diagnose hui bachpan mei but beauty standards ko challenge kiya, naye norms set kiye!!","Bald is beautiful: Indian bride with alopecia ditches wig on her wedding, shares wholesome photos Diagnosed at a young age, she challenged beauty standards & rewrote the norms!",real,SUPPORTED,query_images\hmx-0201.png,https://www.indiatoday.in/trending-news/story/indian-bride-with-alopecia-ditches-wig-embraces-bald-look-emotional-wedding-video-viral-2674764-2025-02-04,evdoc-d5e18a8c4263d484,True,True,True,https://www.indiatoday.in/trending-news/story/indian-bride-with-alopecia-ditches-wig-embraces-bald-look-emotional-wedding-video-viral-2674764-2025-02-04,article_like,True,train,dev,train,train,dev
hmx-0202,754,Mark Zuckerberg ne rockstar ban kar apni wife ko birthday pe surprise diya: Visuals viral ho gaye | WATCH Usne Benson Boone jaise style mein performance di apni wife ke 40th birthday party mein.,"Mark Zuckerberg dresses up as a rockstar, surprises wife on her bday: Visuals go viral | WATCH He gave a Benson Boone-style performance at her 40th bday party.",real,SUPPORTED,query_images\hmx-0202.png,https://timesofindia.indiatimes.com/technology/tech-news/mark-zuckerberg-surprises-wife-with-benson-boone-sparkling-jumpsuit-at-her-40th-birthday-party-watch-video-here/articleshow/118646438.cms,evdoc-e3a7ca99c83dd9cc,True,True,True,https://timesofindia.indiatimes.com/technology/tech-news/mark-zuckerberg-surprises-wife-with-benson-boone-sparkling-jumpsuit-at-her-40th-birthday-party-watch-video-here/articleshow/118646438.cms,article_like,True,train,train,test,retired_v5_test,retired_prior
hmx-0203,755,"Akshay Kumar ki 3 flop filmon ke producer: Vashu Bhagnani ne office bech diya, 80% employees ko nikal diya ₹250 crore ka karza chukane ke liye. Akshay Kumar ne last 3 movies mein sabse zyada fees li aur sab flop ho gayi.","Producer of Akshay Kumar’s 3 flops: Vashu Bhagnani sells office, fires 80% employees to pay off ₹250 cr debt Akshay Kumar charged highest in last 3 movies and all turned to be big flops.",real,SUPPORTED,query_images\hmx-0203.png,https://indianexpress.com/article/entertainment/bollywood/after-bade-miyan-chote-miyan-box-office-debacle-vashu-bhagnani-sells-pooja-entertainments-mumbai-office-to-repay-rs-250-cr-debt-report-9410161,evdoc-0bca12f2892cb6c0,True,True,True,https://indianexpress.com/article/entertainment/bollywood/after-bade-miyan-chote-miyan-box-office-debacle-vashu-bhagnani-sells-pooja-entertainments-mumbai-office-to-repay-rs-250-cr-debt-report-9410161,article_like,True,dev,train,test,retired_v5_test,retired_prior
hmx-0204,756,"6 saal baad order place karne ke baad, Flipkart ne bola “out for delivery” us aadmi ko jisne flip-flops order kiye the. Us aadmi ne bola ki customer care ne usko 6 saal baad call kiya issue solve karne ke liye.","6 years after placing order, Flipkart says “out for delivery” to man who ordered flip-flops The man said customer care called him after 6 years to resolve the issue.",real,SUPPORTED,query_images\hmx-0204.png,https://m.economictimes.com/news/mumbai-news/mumbai-customer-orders-sparx-slipper-6-years-ago-flipkart-tells-customer-its-arriving-today-conversation-goes-viral/articleshow/111309356.cms,evdoc-96103df3efa9ef98,True,True,True,https://m.economictimes.com/news/mumbai-news/mumbai-customer-orders-sparx-slipper-6-years-ago-flipkart-tells-customer-its-arriving-today-conversation-goes-viral/articleshow/111309356.cms,article_like,True,train,test,train,train,test
hmx-0205,757,India mein student suicides ab population growth rate se zyada hai: Ek darawani report mein pata chala. Report ne student suicides ko ek ‘epidemic’ bola hai jo India mein fail raha hai.,Student suicides in India is now more than population growth rate: Alarming data report shows The report has labeled student suicides an ‘epidemic’ that is sweeping India.,real,SUPPORTED,query_images\hmx-0205.png,https://economictimes.indiatimes.com/news/india/there-is-something-wrong-sc-raises-concern-about-rising-number-of-student-suicides-at-institutes/articleshow/122835772.cms,evdoc-672ff8b61edaada1,True,True,True,https://economictimes.indiatimes.com/news/india/there-is-something-wrong-sc-raises-concern-about-rising-number-of-student-suicides-at-institutes/articleshow/122835772.cms,article_like,True,test,train,train,test,retired_prior
hmx-0206,758,"Ghar mein frustrated ho kar, UP ke school teacher ne bachche ko bag na laane par kapde utarwaye, maara aur ‘electric shock’ diya. Mazedar baat ye hai ki bachcha sirf 7 saal ka tha aur rota hua ghar gaya.","Frustrated at home, UP school teacher strips, beats & gives ‘electric shock’ to student for not bringing bag Interestingly, the kid was just 7 years old and went home crying.",real,SUPPORTED,query_images\hmx-0206.png,https://www.livemint.com/news/up-news-7-year-old-in-aligarh-allegedly-stripped-beaten-given-electric-shocks-for-forgetting-school-bag-at-home-11727344741233.html,evdoc-10420273e142960d,True,True,True,https://www.livemint.com/news/up-news-7-year-old-in-aligarh-allegedly-stripped-beaten-given-electric-shocks-for-forgetting-school-bag-at-home-11727344741233.html,article_like,True,dev,train,train,train,dev
hmx-0207,759,Jaish-E-Mohamad ke 10 parivaar ke sadasya Operation Sindoor mein mare gaye.,10 family members of Jaish-E-Mohamad killed in Operation Sindoor,real,SUPPORTED,query_images\hmx-0207.png,https://www.newindianexpress.com/nation/2025/May/10/jem-chief-masood-azhars-relatives-among-five-terrorists-killed-in-operation-sindoor-sources,evdoc-0aecf6922af9575a,True,True,True,https://www.newindianexpress.com/nation/2025/May/10/jem-chief-masood-azhars-relatives-among-five-terrorists-killed-in-operation-sindoor-sources,article_like,True,dev,dev,train,train,dev
hmx-0208,760,Haveri mein shock laga jab gang rape ke aaropi ne bail milne ke baad vijay julus nikala.,Shock in Haveri as gang r@pe accused hold victory procession after bail,real,SUPPORTED,query_images\hmx-0208.png,https://www.thehindu.com/news/national/karnataka/karnataka-haveri-gang-rape-accused-released-on-bail-get-grand-welcome-fir-registered-for-unlawful-assembly-and-rash-driving/article69610140.ece,evdoc-ac0f7a0af1098cde,True,True,True,https://www.thehindu.com/news/national/karnataka/karnataka-haveri-gang-rape-accused-released-on-bail-get-grand-welcome-fir-registered-for-unlawful-assembly-and-rash-driving/article69610140.ece,article_like,True,train,test,train,train,test
hmx-0209,761,Sabse mahaan filmon mein se ek: Interstellar apni 10th anniversary par theatres mein phir se release hogi. Christopher Nolan ki film ne pehle hi box-office records tod diye hain.,One of the greatest movies of all times: Interstellar to re-release in theatres on its 10th anniversary. The Christopher Nolan film has already broken box-office records.,real,SUPPORTED,query_images\hmx-0209.png,https://www.filmfare.com/news/hollywood/christopher-nolans-interstellar-to-re-release-in-theatres-on-this-date-70775.html,evdoc-f9004a2e9723de6b,True,True,True,https://www.filmfare.com/news/hollywood/christopher-nolans-interstellar-to-re-release-in-theatres-on-this-date-70775.html,article_like,True,train,test,train,test,retired_prior
hmx-0210,762,ADANI GROUP JAGANNATH PURI MEIN PRASAD SEVA AUR BEACH RESCUE KAR RAHA HAI PILGRIMS KO SUPPORT KARNE AUR UNKI SAFETY ENSURE KARNE KE LIYE.,ADANI GROUP SERVES PRASAD SEVA AND BEACH RESCUE AT JAGANNATH PURI TO SUPPORT PILGRIMS AND ENSURE THEIR SAFETY,real,SUPPORTED,query_images\hmx-0210.png,https://www.ndtv.com/india-news/gautam-adani-family-attend-grand-jagannath-rath-yatra-in-puri-8783407,evdoc-ccdc4a1f1cc198b3,True,True,True,https://www.ndtv.com/india-news/gautam-adani-family-attend-grand-jagannath-rath-yatra-in-puri-8783407,article_like,True,train,train,train,train,train
hmx-0211,763,Auraton ko Andhra Pradesh mein apne home district mein RTC bus travel free milega 15 August se. Yeh facility inter-district travel ke liye available nahi hai.,WOMEN GET FREE RTC BUS TRAVEL IN ANDHRA PRADESH HOME DISTRICTS FROM AUG 15 FACILITY NOT AVAILABLE FOR INTER-DISTRICT TRAVEL.,real,SUPPORTED,query_images\hmx-0211.png,https://www.newindianexpress.com/states/andhra-pradesh/2025/Jul/22/zero-fare-tickets-for-andhra-pradesh-women-in-rtc-from-august-15,evdoc-8d3afb8dcdded821,True,True,True,https://www.newindianexpress.com/states/andhra-pradesh/2025/Jul/22/zero-fare-tickets-for-andhra-pradesh-women-in-rtc-from-august-15,article_like,True,train,train,train,train,test
hmx-0212,764,RCB ke Yash Dayal ke khilaaf FIR darj hui mental aur sexual harassment ke aarop mein.,FIR FILED AGAINST RCB'S YASH DAYAL FOR ALLEGED MENTAL AND SEXUAL HARASSMENT,real,SUPPORTED,query_images\hmx-0212.png,https://www.livemint.com/sports/cricket-news/rcb-pacer-yash-dayal-booked-for-raping-minor-second-fir-filed-against-cricketer-11753435731859.html,evdoc-a5b4d14d6eacac33,True,True,True,https://www.livemint.com/sports/cricket-news/rcb-pacer-yash-dayal-booked-for-raping-minor-second-fir-filed-against-cricketer-11753435731859.html,article_like,True,train,test,dev,dev,retired_prior
hmx-0213,765,ED ne YouTuber Elvish Yadav aur dusron ke khilaaf money laundering ka case darj kiya: PMLA ke tahat fir se giraftari ho sakti hai. Prevention of Money Laundering Act ko Snake-venom case mein lagu kiya gaya hai.,"ED files money laundering case against YouTuber Elvish Yadav, others: Might be arrested again under PMLA Prevention of Money Laundering Act has been invoked in Snake-venom case.",real,SUPPORTED,query_images\hmx-0213.png,https://www.ndtv.com/india-news/youtuber-elvish-yadav-faizalpuriyas-assets-attached-in-money-laundering-case-6657501,evdoc-bcf71097cf25ea11,True,True,True,https://www.ndtv.com/india-news/youtuber-elvish-yadav-faizalpuriyas-assets-attached-in-money-laundering-case-6657501,article_like,True,train,test,train,test,retired_prior
hmx-0214,766,Log kyu keh rahe hain (janne ke liye swipe karein) ALL EYES ON RAFAH,Why are people saying (swipe to know) ALL EYES ON RAFAH,real,SUPPORTED,query_images\hmx-0214.png,https://www.aljazeera.com/news/2024/5/29/what-is-all-eyes-on-rafah-decoding-the-latest-viral-social-trend,evdoc-cf07412daaa9fafa,True,True,True,https://www.aljazeera.com/news/2024/5/29/what-is-all-eyes-on-rafah-decoding-the-latest-viral-social-trend,article_like,True,train,test,dev,dev,retired_prior
hmx-0215,767,"France mein dange shuru ho gaye hain left-wing alliance ke zyaada seats jeetne ke baad: Sabhi shehron mein tod-phod aur chori | VISUALS DEKHEIN. Police par hamla, sampatti ka vinaash aur virodh pradarshan French chunav ka ant darshate hain.","Riots across France after left-wing alliance wins most seats: Vandalism & theft in all cities | SEE VISUALS. Attack on police, destruction of property & protests mark end of French election,",real,SUPPORTED,query_images\hmx-0215.png,https://www.politico.eu/article/france-legislative-election-far-right-french-supporters-left-leaning-protesters-rn-win,evdoc-ae3cd284e6178b85,True,True,True,https://www.politico.eu/article/france-legislative-election-far-right-french-supporters-left-leaning-protesters-rn-win,article_like,True,train,train,dev,dev,retired_prior
hmx-0217,769,PM Narendra Modi ne India ke top chess players se mulaqat ki unke aitihasik double gold jeetne ke baad | DEKHEIN. India ki purush aur mahila chess team ne Chess Olympiad mein gold jeeta.,PM Narendra Modi meets India's top chess players after their historic double gold triumph | WATCH. India's men and women's chess team won gold in the Chess Olympiad.,real,SUPPORTED,query_images\hmx-0217.png,https://ddnews.gov.in/en/pm-modi-meets-chess-olympiad-champions-congratulates-teams,evdoc-b4b342387c53c1b8,True,False,False,https://ddnews.gov.in/en/pm-modi-meets-chess-olympiad-champions-congratulates-teams,article_like,True,train,test,train,test,retired_prior
hmx-0218,770,Indian Cinema ke liye ek meel ka patthar: All we imagine as light ne Cannes ke baad NYCC mein Best International Film award jeeta. Yeh film ab Disney+ Hotstar par stream ho rahi hai - miss mat karna! ALL WE IMAGINE AS LIGHT PAYAL KAPADIA KI EK FILM AB DISNEY+ HOTSTAR PAR STREAM HO RAHI HAI,Milestone for Indian Cinema: All we imagine as light wins Best International Film award at NYCC after Cannes. The film is now streaming on Disney+ Hotstar - don't miss it! ALL WE IMAGINE AS LIGHT A FILM BY PAYAL KAPADIA NOW STREAMING Disney+ hotstar,real,SUPPORTED,query_images\hmx-0218.png,https://www.telegraphindia.com/entertainment/payal-kapadias-all-we-imagine-as-light-wins-best-feature-film-at-critics-choice-awards/cid/2090919,evdoc-7fedf24840d0e9a2,True,True,True,https://www.telegraphindia.com/entertainment/payal-kapadias-all-we-imagine-as-light-wins-best-feature-film-at-critics-choice-awards/cid/2090919,article_like,True,test,dev,train,train,train
hmx-0221,773,"Indian Railways ne pichle 3 saalon mein sirf aapke 'cancelled tickets' se ₹1,229 cr kamaye: Sarkari data. Agar aap soch rahe hain, toh isse 10 nayi Vande Bharat trains ka poora fleet ban sakta hai.","Indian Railways earned ₹1,229 cr just from your 'cancelled tickets' in last 3 years: Govt data. If you're wondering, this can make entire fleet of 10 new Vande Bharat trains.",real,SUPPORTED,query_images\hmx-0221.png,https://www.business-standard.com/india-news/indian-railways-earned-rs-1-229-cr-from-cancelled-waiting-list-tickets-124032000421_1.html,evdoc-8c9f2502bd954402,True,True,True,https://www.business-standard.com/india-news/indian-railways-earned-rs-1-229-cr-from-cancelled-waiting-list-tickets-124032000421_1.html,article_like,True,train,train,train,train,train
hmx-0222,774,"Logon ko movie theatres se OTT par shift hote dekh, Netflix ne apni khud ki popcorn ki range launch ki hai. Ve logon ke binge-munch karne ke liye aur snacks launch karne ki bhi yojana bana rahe hain.","Watching people shift from movie theatres to OTT, Netflix launches its own range of popcorns. They also plan on launching more snacks for people to binge-munch.",real,SUPPORTED,query_images\hmx-0222.png,https://timesofindia.indiatimes.com/technology/tech-news/from-binge-watching-to-binge-munching-netflix-launches-its-own-line-of-popcorn/articleshow/111163553.cms,evdoc-c3f28e218484a5a5,True,True,True,https://timesofindia.indiatimes.com/technology/tech-news/from-binge-watching-to-binge-munching-netflix-launches-its-own-line-of-popcorn/articleshow/111163553.cms,article_like,True,train,dev,train,train,test
hmx-0223,796,"PM Narendra Modi 3 din ki meditation break par jaenge Bharat ke antim point, Kanyakumari, mein 30 May ke baad. 2019 mein bhi unhone Lok Sabha election campaign ke baad Kedarnath ka visit kiya tha.","After the completion of the Lok Sabha election campaign, Prime Minister Narendra Modi will go on a 3-day meditation retreat to the southernmost point of India, Kanyakumari, starting after May 30. In 2019 as well, he visited Kedarnath for meditation after the election campaign.",real,SUPPORTED,query_images\hmx-0223.png,https://www.hindustantimes.com/india-news/pm-modi-to-take-3-day-meditation-break-in-kanyakumari-from-may-30-after-lok-sabha-elections-campaign-101716889634695.html,evdoc-9c9ae6b512a9d11b,True,True,True,https://www.hindustantimes.com/india-news/pm-modi-to-take-3-day-meditation-break-in-kanyakumari-from-may-30-after-lok-sabha-elections-campaign-101716889634695.html,article_like,True,train,train,dev,dev,retired_prior
hmx-0224,798,"Ek child prodigy: Milie 10 saal ke Krish Arora se, jiska IQ 162 hai — jo Einstein aur Hawking se bhi zyada hai. Ab woh duniya ke sabse intelligent 1% logo mein shamil hai","10-year-old Krish Arora, with an IQ of 162—higher than Einstein and Hawking—is now among the top 1% most intelligent people globally.",real,SUPPORTED,query_images\hmx-0224.png,https://economictimes.indiatimes.com/news/international/global-trends/this-10-year-old-has-a-higher-iq-than-einstein-learned-piano-in-just-6-months-and-became-a-genius-at-age-4/articleshow/115886334.cms?from=mdr,evdoc-fbbb413ba060e0ba,True,True,True,https://economictimes.indiatimes.com/news/international/global-trends/this-10-year-old-has-a-higher-iq-than-einstein-learned-piano-in-just-6-months-and-became-a-genius-at-age-4/articleshow/115886334.cms?from=mdr,article_like,True,train,train,train,train,test
hmx-0225,799,Kya Virat Kohli ne sach mein ye sporting brand kharid liya? PUMA ka naam ab PVMA mein badla jaa raha hai poore India mein Log apne nearest Puma store ki photos online share kar rahe hain jaahan naam badla gaya hai.,"Photos are going viral online showing Puma store signs changed to ""PVMA"" across India, sparking speculation that Virat Kohli may have bought the brand.",fake,CONTRADICTED,query_images\hmx-0225.png,https://www.news18.com/videos/lifestyle/no-virat-kohli-didn-t-buy-puma-there-s-a-legit-explanation-as-to-why-it-became-pvma-explained-9188512.html,evdoc-db5069031d16d4df,True,True,True,https://www.news18.com/videos/lifestyle/no-virat-kohli-didn-t-buy-puma-there-s-a-legit-explanation-as-to-why-it-became-pvma-explained-9188512.html,article_like,True,train,train,train,test,retired_prior
hmx-0226,800,"Ratan Tata ke dost Shantanu Naidu bane naye General Manager of Tata Motors, diya update Apni emotional post mein unhone likha: “Ab sab kuch full circle mein aa gaya hai.”","Ratan Tata’s close aide, Shantanu Naidu, has been appointed as the new General Manager of Tata Motors. He shared an emotional post saying, “It comes full circle now.”",real,SUPPORTED,query_images\hmx-0226.png,https://www.indiatimes.com/worth/news/who-is-shantanu-naidu-ratan-tatas-close-aide-becomes-general-manager-head-of-strategic-initiatives-at-tata-motors/articleshow/122657925.html,evdoc-222340112f087632,True,True,True,https://www.indiatimes.com/worth/news/who-is-shantanu-naidu-ratan-tatas-close-aide-becomes-general-manager-head-of-strategic-initiatives-at-tata-motors/articleshow/122657925.html,article_like,True,dev,train,train,train,dev
hmx-0227,801,"“Meri ek khoobsurat wife hai, mere liye kaam ke ghanton ki quality quantity se zyada important hai” – Akash Ambani Mumbai Tech Week mein unhone casually baat karte hue yeh kaha, visuals ho gaye viral.","Akash Ambani said at Mumbai Tech Week that he values quality work hours over quantity and praised his wife’s support, sparking viral reactions online.",real,SUPPORTED,query_images\hmx-0227.png,https://www.hindustantimes.com/trending/what-is-akash-ambani-s-take-on-work-life-balance-jio-boss-reveals-one-simple-funda-101740785611576.html,evdoc-1f0d8a0558b542f3,True,True,True,https://www.hindustantimes.com/trending/what-is-akash-ambani-s-take-on-work-life-balance-jio-boss-reveals-one-simple-funda-101740785611576.html,article_like,True,dev,test,train,train,test
hmx-0228,802,"""Karna kuch nahi hai, ab Thailand ke kabristan mein ‘movie nights’ hongi taaki marne waalon ka entertainment ho sake."" Yeh movie screenings khaali kursiyon ke liye hongi — maksad hai un logon ko yaad rakhna jo ab is duniya mein nahi hain.",Cemetery in Thailand hosts movie nights for the dead- an unusual entertainment for the departed,real,SUPPORTED,query_images\hmx-0228.png,https://www.hindustantimes.com/trending/cemetery-in-thailand-hosts-movie-nights-for-the-dead-an-unusual-entertainment-for-the-departed-101720341401447.html,evdoc-b5f1332f3d5fff91,True,True,True,https://www.hindustantimes.com/trending/cemetery-in-thailand-hosts-movie-nights-for-the-dead-an-unusual-entertainment-for-the-departed-101720341401447.html,article_like,True,train,train,test,retired_v5_test,retired_prior
hmx-0231,805,"Uttarakhand ne launch kiya Bharat ka pehla ‘astro-tourism’ campaign, jisme log universe ko unfold hote hue dekh sakenge. Global spotlight ke aim ke saath, ‘Nakshatra Sabha’ June se shuru hogi.","Uttarakhand has taken a pioneering step in India's tourism landscape by launching its first 'astro-tourism' campaign, Nakshatra Sabha.",real,SUPPORTED,query_images\hmx-0231.png,https://travel.economictimes.indiatimes.com/news/events/domestic/uttarakhand-tourism-launches-indias-first-astro-tourism-campaign-in-partnership-with-starscapes/109752377,evdoc-7c39238e639b9651,True,True,True,https://travel.economictimes.indiatimes.com/news/events/domestic/uttarakhand-tourism-launches-indias-first-astro-tourism-campaign-in-partnership-with-starscapes/109752377,article_like,True,test,dev,train,train,dev
hmx-0232,806,"Telegram ke CEO ko France mein arrest kiya gaya, aur India mein ban lagne ke chances hain: Indian government ne investigation shuru kiya. Investigation mein extortion, exam/movie leaks, financial fraud, child porn jaise cases shaamil hain.","Indian govt probes Telegram as CEO Pavel Durov arrested in France, potential ban looms",real,SUPPORTED,query_images\hmx-0232.png,https://www.businesstoday.in/technology/news/story/indian-govt-probes-telegram-as-ceo-pavel-durov-arrested-in-france-potential-ban-looms-report-442981-2024-08-26,evdoc-5edf719ec4c4b83d,True,True,True,https://www.businesstoday.in/technology/news/story/indian-govt-probes-telegram-as-ceo-pavel-durov-arrested-in-france-potential-ban-looms-report-442981-2024-08-26,article_like,True,test,train,test,retired_v5_test,retired_prior
hmx-0233,807,"Aaj ki young generation purani generation se zyada udaas aur miserable ho gayi hai: Global research on happiness"" Young logon ne khud apni life ko 0–10 scale par ‘bad’ tak bola voluntarily.","Young People Are More Miserable Than Older Generations, Research Finds",real,SUPPORTED,query_images\hmx-0233.png,https://www.ndtv.com/science/young-people-are-more-miserable-than-older-generations-research-finds-5276215,evdoc-5dc2f8d8786ffbdb,True,True,True,https://www.ndtv.com/science/young-people-are-more-miserable-than-older-generations-research-finds-5276215,article_like,True,test,train,train,train,train
hmx-0234,808,Rain mein reels bana rahi ek ladki Bihar ke terrace par bijli ki kai chamkaadon se bach gayi | WATCH Ye spine-chilling viral video Sitamarhi mein camera mein record hua.,Bihar girl miraculously escapes lightning strike while making reels,real,SUPPORTED,query_images\hmx-0234.png,https://www.indiatoday.in/india/story/bihar-girl-miraculously-escapes-lightning-strike-while-making-instagram-reels-in-sitamarhi-video-goes-viral-2558903-2024-06-27,evdoc-7703364b43c2dd74,True,True,True,https://www.indiatoday.in/india/story/bihar-girl-miraculously-escapes-lightning-strike-while-making-instagram-reels-in-sitamarhi-video-goes-viral-2558903-2024-06-27,article_like,True,test,train,test,retired_v5_test,retired_prior
hmx-0235,809,"Authorities se kaam ki umeed karke thak gaye Bengaluru ke log, ab khud hi sadkon par utar aaye gaddhe bharne aur safai karne. Jab visuals viral hue, logon ne kaha yeh kaam poore India mein hona chahiye.","Bengaluru Citizens Act – Tired of waiting for authorities, residents fix potholes and clean streets themselves; netizens say this should happen nationwide.",real,SUPPORTED,query_images\hmx-0235.png,https://www.newindianexpress.com/cities/bengaluru/2025/Apr/13/bengaluru-residents-stage-flash-protest-against-pathetic-roads-civic-neglect,evdoc-aa7530e8f0dc318d,True,True,True,https://www.newindianexpress.com/cities/bengaluru/2025/Apr/13/bengaluru-residents-stage-flash-protest-against-pathetic-roads-civic-neglect,article_like,True,train,train,train,test,retired_prior
hmx-0236,810,"Ek aur essay likhne ka time aa gaya kya? Politician ka beta Mumbai mein BMW se aurat ko maar deta hai, 100 meter tak ghasita Luxury gaadi se hit and run ka ek aur case dekhkar log keh rahe hain — “isko bhi chhod diya jaayega”.",Mumbai BMW Tragedy – Politician’s son kills woman in a hit-and-run; dragged her 100m. Public fears he’ll escape punishment.,real,SUPPORTED,query_images\hmx-0236.png,https://www.ndtv.com/video/bmw-dash-by-shinde-sena-leader-s-son-led-to-mumbai-woman-s-death-811880,evdoc-ff45b1fea4273bf1,True,True,True,https://www.ndtv.com/video/bmw-dash-by-shinde-sena-leader-s-son-led-to-mumbai-woman-s-death-811880,article_like,True,train,train,train,train,train
hmx-0237,811,"West Bengal mein bade star par hungaama: Rape case ke khilaaf protest karne par sau se zyada log giraftaar, poora rajya bandh Protesters CM Mamata ka istifa maang rahe hain.","West Bengal Protests – Massive unrest after rape case; hundreds arrested, state shutdown, protests demand CM Mamata’s resignation.",real,SUPPORTED,query_images\hmx-0237.png,https://www.thehindu.com/news/national/west-bengal/protests-erupt-across-kolkata-over-gang-rape-of-law-student-parties-slam-bengal-government/article69745129.ece,evdoc-4844a980dec5f637,True,True,True,https://www.thehindu.com/news/national/west-bengal/protests-erupt-across-kolkata-over-gang-rape-of-law-student-parties-slam-bengal-government/article69745129.ece,article_like,True,test,train,train,train,train
hmx-0238,812,"The Office wale actor John Krasinski (Jim Halpert) ko chuna gaya World’s Sexiest Man 2024: Netizens bol rahe hain ""ye deserve karta hai"" Pehle ke winners the Michael Jordan, George Clooney, Brad Pitt, Chris Hemsworth.",The Office actor John Krasinski named World’s Sexiest Man; netizens approve.,real,SUPPORTED,query_images\hmx-0238.png,https://www.hindustantimes.com/entertainment/hollywood/worlds-sexiest-man-alive-45-year-old-john-krasinski-marvel-beat-chris-hemsworth-ryan-reynolds-henry-cavill-brad-pitt-101746246974763.html,evdoc-ea3ff1c353b7605e,True,True,True,https://www.hindustantimes.com/entertainment/hollywood/worlds-sexiest-man-alive-45-year-old-john-krasinski-marvel-beat-chris-hemsworth-ryan-reynolds-henry-cavill-brad-pitt-101746246974763.html,article_like,True,train,train,dev,dev,retired_prior
hmx-0239,813,"‘Ab ghar lautne ka waqt aa gaya hai…’: Vikrant Massey ne 37 ki umar mein acting se retirement ka announcement kar diya, fans hairaan Career ke peak par hone ke baad bhi unhone yeh decision liya.","Vikrant Massey announces retirement from acting at 37: ‘It’s time to recalibrate, go back home’",real,SUPPORTED,query_images\hmx-0239.png,https://indianexpress.com/article/entertainment/bollywood/vikrant-massey-announces-retirement-from-acting-at-37-its-time-to-recalibrate-go-back-home-9701407,evdoc-c73c683acf591570,True,True,True,https://indianexpress.com/article/entertainment/bollywood/vikrant-massey-announces-retirement-from-acting-at-37-its-time-to-recalibrate-go-back-home-9701407,article_like,True,train,dev,train,train,test
hmx-0240,814,Delhi ke CM aur AAP ke chief Arvind Kejriwal giraftaar Excise policy case mein ED ke chhapemari ke baad Supreme Court ne bail dene se inkaar kiya.,Kejriwal Arrested – Delhi CM Arvind Kejriwal arrested in Excise policy case; SC denies bail.,real,SUPPORTED,query_images\hmx-0240.png,https://timesofindia.indiatimes.com/city/delhi/arvind-kejriwal-bail-hearing-live-updates-supreme-court-delhi-cm-tihar-jail-liquor-policy-case/liveblog/112728000.cms,evdoc-6ab8884d11f518a1,True,True,True,https://timesofindia.indiatimes.com/city/delhi/arvind-kejriwal-bail-hearing-live-updates-supreme-court-delhi-cm-tihar-jail-liquor-policy-case/liveblog/112728000.cms,article_like,True,test,test,train,train,test
hmx-0241,815,"Sonakshi Sinha ne apne co-actor Zaheer Iqbal se shaadi ki: Likha – ‘from now, until forever’ | PHOTOS dekhein Dono ne Mumbai ke ghar mein ek chhoti si shaadi ki.","Sonakshi Sinha, Zaheer Iqbal get married in private ceremony",real,SUPPORTED,query_images\hmx-0241.png,https://www.thehindu.com/entertainment/movies/sonakshi-sinha-zaheer-iqbal-get-married-in-private-ceremony-salman-khan-and-others-attend/article68326378.ece,evdoc-10ae7a5244235a0b,True,True,True,https://www.thehindu.com/entertainment/movies/sonakshi-sinha-zaheer-iqbal-get-married-in-private-ceremony-salman-khan-and-others-attend/article68326378.ece,article_like,True,dev,train,train,train,train
hmx-0242,816,"Ab log loot maar aur aag lagane lage: LA ke jungle mein lagi aag US history ki sabse badi, $150 billion ka nuksaan | PHOTOS dekhein Aag ab disha badal rahi hai aur aur zyada fail rahi hai, sarkari alert jaari.","LA Wildfire Disaster – Worst wildfires in US history hit LA; $150B losses, looting and fire spread worsen situation.",real,SUPPORTED,query_images\hmx-0242.png,https://www.ndtv.com/world-news/la-wildfires-estimated-to-be-costliest-us-disaster-to-inflict-135-billion-7451439,evdoc-ac370ce69a5e792d,True,True,True,https://www.ndtv.com/world-news/la-wildfires-estimated-to-be-costliest-us-disaster-to-inflict-135-billion-7451439,article_like,True,train,dev,train,train,train
hmx-0243,943,10vi class ka baccha Maharashtra mein illegal hospital chala raha tha: Aakhri 3 saalon mein hazaaron patients ka ilaaj kiya. Har din 65-70 patients ko dekhta tha aur sabse ₹500 charge karta tha.,10th class kid opens illegal hospital in Maharashtra: Treats thousands of patients over the last 3 years. He dealt with 65–70 patients each day and charged ₹500 from everyone.,real,SUPPORTED,query_images\hmx-0243.png,https://english.mathrubhumi.com/news/india/pandharpur-fake-doctor-clinic-raided-194a19f5,evdoc-7584b8f69c189540,True,True,True,https://english.mathrubhumi.com/news/india/pandharpur-fake-doctor-clinic-raided-194a19f5,article_like,True,test,train,train,train,train
hmx-0244,944,"‘Humne aapko bahut yaad kiya, chaliye India ko phir se mahaan banate hain’: Donald Trump aur PM Narendra Modi mile | PHOTOS dekhiye. US aur India ek bada trade deal sign karne wale hain, jisme tariff, defence aur geopolitics par charcha hogi.","‘We missed you a lot, let’s Make India Great Again’: Donald Trump and PM Narendra Modi meet | SEE PHOTOS US and India to sign huge Trade deal, discuss tariff, defence and geopolitics.",real,SUPPORTED,query_images\hmx-0244.png,https://rollcall.com/2025/02/13/trump-narenda-modi-india-trade-tariffs,evdoc-641029c790bf201d,True,True,True,https://rollcall.com/2025/02/13/trump-narenda-modi-india-trade-tariffs,article_like,True,test,train,test,retired_v5_test,retired_prior
hmx-0245,945,"26 saal ki EY employee kaam ke stress ke kaaran marr gayi, uski maa ne boss ko ek dil tod dene waala email bheja. Is dukh bhari maut se log gusse mein hain, office se koi bhi uske funeral mein nahi aaya.","26-year-old EY employee dies due to ‘work stress’, her mother’s sends heartbreaking email to boss. The tragic death has outraged netizens, none from office attended her funeral.",real,SUPPORTED,query_images\hmx-0245.png,https://www.indiatoday.in/trending-news/story/ernst-and-young-pune-employee-26-dies-work-pressure-mother-heartbreaking-letter-2601811-2024-09-18,evdoc-5426dd8366c70534,True,True,True,https://www.indiatoday.in/trending-news/story/ernst-and-young-pune-employee-26-dies-work-pressure-mother-heartbreaking-letter-2601811-2024-09-18,article_like,True,test,train,train,train,test
hmx-0246,946,Rajasthan ke CM ne mahilaon ke din par har field ki local women ke saath celebration kiya | VIDEO dekhiye Bhajan Lal Sharma ne discuss kiya ki mahilaon ke bhale ke liye kya kiya ja sakta hai.,Rajasthan CM celebrates women's day with local women from all walks of life | WATCH Bhajan Lal Sharma discussed what could be made for betterment of women.,real,SUPPORTED,query_images\hmx-0246.png,https://www.newkerala.com/news/o/developed-india-developed-rajasthan-vision-incomplete-without-women-participation-931,evdoc-9e81030db4ad2b9d,True,True,True,https://www.newkerala.com/news/o/developed-india-developed-rajasthan-vision-incomplete-without-women-participation-931,article_like,True,train,train,train,train,train
hmx-0247,947,Travel influencer reels banate waqt waterfall se 300 feet neeche gir gayi aur uski maut ho gayi: Body 6 ghante ki koshish ke baad nikali gayi. Aanvi Kamdar apne monsoon treks ke liye jaani jaati thi.,"Travel influencer falls 300 feet in waterfall while making reels, dies: Body pulled out after 6-hour effort. Aanvi Kamdar was known for her monsoon treks.",real,SUPPORTED,query_images\hmx-0247.png,https://www.thesun.co.uk/news/29361899/influencer-plunges-to-death-while-filming-instagram-video,evdoc-b4ac6d44baf11638,True,True,True,https://www.thesun.co.uk/news/29361899/influencer-plunges-to-death-while-filming-instagram-video,article_like,True,train,dev,train,test,retired_prior
hmx-0248,948,Bengaluru mein ek aadmi ki maut ho gayi jab uske dost ne mazaak mein uske rectum mein blow dryer daal diya. Uski maut colon phatne aur intestines mein severe damage hone ki wajah se hui.,Bengaluru man dies after his friend inserts blow dryer into his rectum as a ‘prank’. The man died of a ruptured colon and severe damage to his intestines.,real,SUPPORTED,query_images\hmx-0248.png,https://www.indiatoday.in/cities/bengaluru/story/bengaluru-man-dies-friend-inserts-blow-dryer-rectum-sampigehalli-2520440-2024-03-28,evdoc-1755e4f5e20ecbbe,True,True,True,https://www.indiatoday.in/cities/bengaluru/story/bengaluru-man-dies-friend-inserts-blow-dryer-rectum-sampigehalli-2520440-2024-03-28,article_like,True,dev,train,train,test,retired_prior
hmx-0249,949,"Bhidu' bolne ke liye Jackie Shroff ki permission chahiye: Jackie ne apne naam aur personality ka trademark lene ke liye Delhi HC mein case file kiya. Rajinikanth, Amitabh Bachchan aur Anil Kapoor ne bhi aise cases file kiye hain.","Can’t say ‘Bhidu’ without his permit: Jackie Shroff moves Delhi HC seeking trademark of name & personality. Rajinikanth, Amitabh Bachchan and Anil Kapoor also have filed similar suits.",real,SUPPORTED,query_images\hmx-0249.png,https://www.ndtv.com/india-news/jackie-shroff-goes-to-court-over-his-trade-mark-rights-on-the-word-bhidu-5660128,evdoc-5722693d519139cd,True,True,True,https://www.ndtv.com/india-news/jackie-shroff-goes-to-court-over-his-trade-mark-rights-on-the-word-bhidu-5660128,article_like,True,test,train,train,train,dev
hmx-0250,950,"Ek aadmi ko Delhi ke hotel mein nangi aurat ke saath photo lene par majboor kiya gaya, us par hamla hua aur paise ke liye usse dhamkaya gaya: Darawana tajurba. Ye ghatna social media par viral ho gayi hai, police ne jaanch shuru kar di hai.","Man forced to pose with naked woman inside Delhi hotel, assaulted & extorted for money: Horrific experience. The disturbing ordeal went viral on social media, police begins probe.",real,SUPPORTED,query_images\hmx-0250.png,https://www.hindustantimes.com/trending/man-made-to-pose-with-naked-woman-inside-delhi-hotel-slapped-extorted-for-money-101713872517229.html,evdoc-cb37226dbb1d57da,True,True,True,https://www.hindustantimes.com/trending/man-made-to-pose-with-naked-woman-inside-delhi-hotel-slapped-extorted-for-money-101713872517229.html,article_like,True,train,train,dev,dev,retired_prior
hmx-0251,951,Balochistan ke neta ne Pakistan se azaadi ka elan kiya. Wo India aur duniya bhar ke samudaay se support maang rahe hain.,Balochistan leader declares independence from Pakistan. They are seeking support from India and global community,real,SUPPORTED,query_images\hmx-0251.png,https://www.indiatoday.in/world/story/mir-yar-baloch-declares-balochistan-independence-from-pakistan-2724798-2025-05-14,evdoc-111ce2c5ccccf7fe,True,True,True,https://www.indiatoday.in/world/story/mir-yar-baloch-declares-balochistan-independence-from-pakistan-2724798-2025-05-14,article_like,True,dev,train,train,train,test
hmx-0252,952,"Bangladesh mein sarkar girne ka 'jashn' manane ke liye logon ne hotel mein aag laga di, 25+ log zinda jal gaye | DEKHO Jabki log ise shaantipoorn kabza keh rahe hain, 24 ghanton mein saikadon log maare gaye.","25+ burnt alive after people set hotel on fire in Bangladesh to 'celebrate' fall of government | WATCH While people claim its a peaceful takeover, hundreds were killed in 24 hours.",real,SUPPORTED,query_images\hmx-0252.png,https://news.abplive.com/news/world/bangladesh-protest-24-people-burnt-alive-in-hotel-awami-league-leader-1708470,evdoc-01cfe4b23454392e,True,True,True,https://news.abplive.com/news/world/bangladesh-protest-24-people-burnt-alive-in-hotel-awami-league-leader-1708470,article_like,True,dev,train,train,train,test
hmx-0253,953,"Mumbai ka Marine Drive fans ke samudra mein badal gaya: Lakhon logon ne T20 World Cup vijay parade mein Team India ka swagat kiya. 2007 se 2024 tak, kuch nahi badla :)","Mumbai's Marine Drive turns into sea of fans: Millions welcome Team India at T20 World Cup victory parade From 2007 to 2024, nothing changed :)",real,SUPPORTED,query_images\hmx-0253.png,https://www.thehindu.com/sport/cricket/maximum-city-maximum-love-mumbai-halts-to-salute-team-indias-victory-parade/article68368321.ece,evdoc-a8cb9c9ea159cd02,True,True,True,https://www.thehindu.com/sport/cricket/maximum-city-maximum-love-mumbai-halts-to-salute-team-indias-victory-parade/article68368321.ece,article_like,True,train,test,train,train,test
hmx-0254,954,Anant Ambani ne Mumbai ke Lalbaugcha Raja ko 20-kg sone ka mukut daan kiya: Kimat ₹15 crore. Yeh daan Ganesh Chaturthi samaroh se pehle kiya gaya tha.,Anant Ambani donates 20-kg gold crown to Lalbaugcha Raja in Mumbai: Valued at ₹15 crore The donation was made ahead of Ganesh Chaturthi celebrations.,real,SUPPORTED,query_images\hmx-0254.png,https://www.hindustantimes.com/trending/anant-ambani-donates-20-kg-gold-crown-valued-at-rs-15-crore-to-mumbais-lalbaugcha-raja-101725623985875.html,evdoc-42d1f6b9bbc76729,True,True,True,https://www.hindustantimes.com/trending/anant-ambani-donates-20-kg-gold-crown-valued-at-rs-15-crore-to-mumbais-lalbaugcha-raja-101725623985875.html,article_like,True,test,train,train,train,train
hmx-0255,955,"Chennai mein IAF Air Show mein 15 lakh logon ke pahunchne ke baad 5 logon ki maut, 100 se zyada log hospital mein bharti | VISUALS DEKHO IAF ki 92nd saalgirah sabse bade air show ke saath manayi gayi.","5 dead, 100+ hospitalised at IAF Air Show in Chennai after 15 lakh people reach | SEE VISUALS The 92nd anniversary of IAF was celebrated with the biggest-ever air show.",real,SUPPORTED,query_images\hmx-0255.png,https://indianexpress.com/article/india/tragedy-iaf-event-chennai-dead-scores-hospitalised-lakh-turn-up-9607156,evdoc-20ca2592ae9f3179,True,True,True,https://indianexpress.com/article/india/tragedy-iaf-event-chennai-dead-scores-hospitalised-lakh-turn-up-9607156,article_like,True,dev,dev,train,train,train
hmx-0257,957,"500 saal baad Ram Mandir ki pehli Diwali: Deepotsav par Ayodhya laakhon diyoon se roshan! | VISUALS DEKHO CM Yogi ne kaha, ""Bhagwan Ram ki ghar wapsi yahan poori hoti hai.""","Ram Mandir's first Diwali after 500 years: Ayodhya lights up with millions of Diyas on Deepotsav! | SEE VISUALS ""The homecoming of Lord Ram completes here,"" said CM Yogi",real,SUPPORTED,query_images\hmx-0257.png,https://www.indiatoday.in/india/story/25-lakh-diyas-to-be-lit-ayodhya-aiming-for-guinness-world-record-1st-diwali-after-ram-temple-inauguration-2625512-2024-10-30,evdoc-c8ba6069b0cde3f6,True,True,True,https://www.indiatoday.in/india/story/25-lakh-diyas-to-be-lit-ayodhya-aiming-for-guinness-world-record-1st-diwali-after-ram-temple-inauguration-2625512-2024-10-30,article_like,True,train,train,train,train,train
hmx-0258,958,"Doctors ne autopsy ki, ghanto tak sharir ko freezer mein rakha PHIR aadmi shamshan ghat par zinda ho gaya. Rajasthan ke is ajeeb mamle mein doctors ko 'laparwahi' ke liye suspend kar diya gaya.","Doctors conduct autopsy, keep his body in freezer for hours THEN man comes back to life on cremation bed The bizarre case from Rajasthan got the doctors suspended for 'negligence'.",real,SUPPORTED,query_images\hmx-0258.png,https://indianexpress.com/article/india/man-wakes-funeral-pyre-after-being-declared-dead-rajasthan-govt-hospital-doctors-suspended-9684868,evdoc-a1d4ba893b964771,True,True,True,https://indianexpress.com/article/india/man-wakes-funeral-pyre-after-being-declared-dead-rajasthan-govt-hospital-doctors-suspended-9684868,article_like,True,train,train,dev,dev,retired_prior
hmx-0259,959,"Japan ne 4-din ka work week announce kiya taaki log long weekends mein 'pyaar kar saken' aur birth rate badha saken. Japan ki birth rate itni kam ho gayi hai, Indians kehte hain ""humein bhi chahiye.""","Japan announces 4-day work week so people can 'make love' over the long weekends and boost birth rate The birth rate of Japan has fallen to a historic low, Indians say ""we want it too.""",real,SUPPORTED,query_images\hmx-0259.png,https://www.indiatoday.in/world/story/tokyo-plans-4-day-work-week-government-employees-push-boost-birth-rates-2648510-2024-12-11,evdoc-521ec18c62b1ff1a,True,True,True,https://www.indiatoday.in/world/story/tokyo-plans-4-day-work-week-government-employees-push-boost-birth-rates-2648510-2024-12-11,article_like,True,test,train,train,test,retired_prior
hmx-0260,960,Gautam Adani apne parivaar ke saath Prayagraj mein Mahakumbh gaye: Puja ki aur ISKCON ke saath muft bhojan serve kiya. Ve Kumbh ke ant tak shradhaluon ke liye mahaprasad banaate hue dikhe.,Gautam Adani visits Mahakumbh in Prayagraj with family: Performs Puja & serves free food with ISKCON They were seen cooking mahaprasad available for devotees till end of Kumbh.,real,SUPPORTED,query_images\hmx-0260.png,https://daijiworld.com/news/newsDisplay?newsID=1264344,evdoc-3f6dfaf81b0ecb01,True,True,True,https://daijiworld.com/news/newsDisplay?newsID=1264344,article_like,True,dev,dev,train,test,retired_prior
hmx-0261,961,"West Bengal ke couple ne Valentines Day par official house rules agreement sign kiya, 'apna pyaar phir se jagane' ke liye | PADHO Unhone ₹500 ke non-judicial stamp paper par trading app CoinDCX ka bhi zikr kiya.",West Bengal couple signs official house rules agreement on Valentines Day to 'regenerate their love' | READ They even mentioned trading app CoinDCX on ₹500 Non judicial stamp paper.,real,SUPPORTED,query_images\hmx-0261.png,https://www.oneindia.com/india/valentines-day-2025-married-couple-signs-quirky-love-contract-with-household-chores-as-penalty-4070961.html,evdoc-01c265d13ac41803,True,True,True,https://www.oneindia.com/india/valentines-day-2025-married-couple-signs-quirky-love-contract-with-household-chores-as-penalty-4070961.html,article_like,True,dev,dev,train,train,dev
hmx-0262,962,"""India ne humein loota, lekin humne unhein expose kiya"": Donald Trump ne announce kiya ki India ne tariffs kam karne par sehmat ho gaya hai. Jabki Canada, Mexico aur China ne takkar di, India ne US tariffs ke saamne haar maan li.","India ripped us off but we exposed them': Donald Trump announces India has agreed to reduce tariffs. While Canada, Mexico and China fought back, India gave up against US tariffs.",real,SUPPORTED,query_images\hmx-0262.png,https://www.hindustantimes.com/india-news/no-commitments-india-clarifies-after-donald-trump-s-tariff-cut-claim-101741679131026.html,evdoc-9f555900d0a974e5,True,True,True,https://www.hindustantimes.com/india-news/no-commitments-india-clarifies-after-donald-trump-s-tariff-cut-claim-101741679131026.html,article_like,True,train,test,train,test,retired_prior
hmx-0263,963,India ke naye tax rules 1 April se lagu honge: Yahan sab kuch hai jo aapko jaanna zaroori hai!,India's New Tax Rules come into effect from April 1: Here's all you need to know!,real,SUPPORTED,query_images\hmx-0263.png,https://www.taxtmi.com/tmi_blog_details?id=811405,evdoc-72cf5a2789ed06ea,True,False,False,https://www.taxtmi.com/tmi_blog_details?id=811405,article_like,True,test,dev,dev,dev,retired_prior
hmx-0265,965,"Karnataka ne Kannadigas ke liye private companies mein 100% tak reservation approve kiya, jisse log bhadak gaye. Management categories mein 50%, C & D grade posts mein 100% reservation hoga.","Karnataka approves bill for upto 100% reservation for Kannadigas in private companies, sparks outrage 50% in management categories, 100% in C & D grade posts.",real,SUPPORTED,query_images\hmx-0265.png,https://www.fortuneindia.com/macro/100-reservation-for-kannadigas-in-pvt-jobs-sparks-row/117598,evdoc-74b5d32bb1128902,True,True,True,https://www.fortuneindia.com/macro/100-reservation-for-kannadigas-in-pvt-jobs-sparks-row/117598,article_like,True,test,train,train,train,train
hmx-0266,966,"Ek Youtüber ne Chennai airport par ek 'souvenir shop' khola taaki gold ki smuggling kar sake, aur sirf do mahine mein 23 crore kama liye. Total milaakar 267 kg se zyada sona, jiska value 7167 crore tha, us shop ke zariye smuggle kiya gaya.","YouTuber sets up 'souvenir shop' at Chennai airport for smuggling gold, earns ₹3 crore in two months In total over 267 kgs of gold worth 167 crore was smuggled via that shop.",real,SUPPORTED,query_images\hmx-0266.png,https://timesofindia.indiatimes.com/city/chennai/youtubers-souvenir-shop-at-chennai-airport-used-for-267kg-gold-haul-worth-rs-167-crore-9-arrested/articleshow/111374223.cms,evdoc-6c461badd7b0b0e5,True,True,True,https://timesofindia.indiatimes.com/city/chennai/youtubers-souvenir-shop-at-chennai-airport-used-for-267kg-gold-haul-worth-rs-167-crore-9-arrested/articleshow/111374223.cms,article_like,True,test,train,train,train,test
hmx-0267,967,Khud ko 100% truit juice kehna band karo: FSSAI ne customers ko attract karne ke liye galat claims karne par warning di hai Ek sakht nirdesh turant lagu karne ke liye diya gaya hai.,"""STOP labelling yourself 100% fruit juice"": FSSAI warns against misleading claims to attract customers In a stern directive is to be followed with immediate effect.",real,SUPPORTED,query_images\hmx-0267.png,https://timesofindia.indiatimes.com/life-style/food-news/fssai-issues-directions-to-companies-regarding-100-fruit-juice-claims/articleshow/110697966.cms,evdoc-a750ca50c0002d10,True,True,True,https://timesofindia.indiatimes.com/life-style/food-news/fssai-issues-directions-to-companies-regarding-100-fruit-juice-claims/articleshow/110697966.cms,article_like,True,train,train,dev,dev,retired_prior
hmx-0268,968,Manufacturing mein historic growth: India se iPhones ka export FY22 mein $1.2 billion se badhkar FY24 mein $10 billion ho gaya Yeh PM Modi ke Make-in-India initiative ka ek bada milestone hai.,Historic rise in manufacturing: Export of iPhones from India grows from $1.2 bn in FY22 to $10 bn in FY24 This marks a significant milestone in PM Modi's make-in-India initiative.,real,SUPPORTED,query_images\hmx-0268.png,https://economictimes.indiatimes.com/industry/cons-products/electronics/apples-iphone-production-touches-10-bn-production-mark-in-india-courtesy-pli/articleshow/115654735.cms,evdoc-75fcfc03bef6e112,True,True,True,https://economictimes.indiatimes.com/industry/cons-products/electronics/apples-iphone-production-touches-10-bn-production-mark-in-india-courtesy-pli/articleshow/115654735.cms,article_like,True,test,test,train,test,retired_prior
hmx-0270,970,Pakistan ne BSF Jawan Constable PK Shaw ko Attari-Wagah Border ke zariye wapas bheja 14 May 2025,PAKISTAN RETURNS BSF JAWAN CONSTABLE PK SHAW VIA ATTARI-WAGAH BORDER,real,SUPPORTED,query_images\hmx-0270.png,https://www.indiatoday.in/india/story/bsf-jawan-pk-shaw-detained-by-pakistan-after-accidentally-crossing-border-repatriated-at-wagah-border-2724498-2025-05-14,evdoc-cea1986f1347eb91,True,True,True,https://www.indiatoday.in/india/story/bsf-jawan-pk-shaw-detained-by-pakistan-after-accidentally-crossing-border-repatriated-at-wagah-border-2724498-2025-05-14,article_like,True,train,test,train,train,train
hmx-0271,971,"""Mujhe maaf karo, lekin yeh mera mandir hai"" Arijit Singh ne performance ke dauraan stage par rakha fans ka khana hata diya | WATCH Arijit Singh abhi apne international tour ke European phase mein hain.","""I am sorry but this is my temple"" Arijit Singh removes fans food from stage while performing | WATCH Arijit Singh is currently in the European leg of his international tour.",real,SUPPORTED,query_images\hmx-0271.png,https://www.ndtv.com/entertainment/watch-arijit-singh-to-fan-who-placed-food-on-stage-this-is-my-temple-you-cant-6593743,evdoc-d5dd5f0d12012745,True,True,True,https://www.ndtv.com/entertainment/watch-arijit-singh-to-fan-who-placed-food-on-stage-this-is-my-temple-you-cant-6593743,article_like,True,train,train,test,retired_v5_test,retired_prior
hmx-0273,973,"India ne sabhi Indian nationals se kaha hai ki woh Iran chhod dein, aur China ne sabhi Chinese nationals se kaha hai ki woh Israel chhod dein.","INDIA URGES ALL INDIAN NATIONALS TO LEAVE IRAN, & CHINA URGES ALL CHINESE NATIONALS TO LEAVE ISRAEL",real,SUPPORTED,query_images\hmx-0273.png,https://www.yenisafak.com/en/news/china-urges-citizens-to-leave-israel-as-soon-as-possible-3703564,evdoc-44ae1d5efc71a46a,True,True,True,https://www.yenisafak.com/en/news/china-urges-citizens-to-leave-israel-as-soon-as-possible-3703564,article_like,True,test,dev,train,train,train
hmx-0274,974,"Bombay ke auto driver ko Marathi na bolne par maara gaya, Shiv Sena ka worker book kiya gaya Bhasha ko lekar Shiv Sena (UBT) workers ne kiya vivad, jisse logon mein gussa hai","BOMBAY AUTO DRIVER BEATEN FOR NOT SPEAKING MARATHI, SHIV SENA WORKER BOOKED LANGUAGE DISPUTE BY SHIV SENA (UBT) WORKERS SPARKS OUTRAGE",real,SUPPORTED,query_images\hmx-0274.png,https://zeenews.india.com/india/auto-driver-thrashed-by-shiv-sena-ubt-workers-over-anti-marathi-remarks-in-maharashtra-2931160.html,evdoc-53cc142b6ddc5c10,True,True,True,https://zeenews.india.com/india/auto-driver-thrashed-by-shiv-sena-ubt-workers-over-anti-marathi-remarks-in-maharashtra-2931160.html,article_like,True,test,train,dev,dev,retired_prior
hmx-0275,975,PM Modi ne Varanasi se Lok Sabha election ke liye naamankan bhar diya: Hazaron logon ne road show dekha.,PM Modi files nomination for Lok Sabha elections from Varanasi: Thousands witness grand road show | SEE VISUALS BJP's campaign trail was at full glory as the PM fights from the seat for 3rd time.,real,SUPPORTED,query_images\hmx-0275.png,https://www.firstpost.com/india/pm-modi-files-nomination-from-varanasi-lok-sabha-elections-202413770556-13770556.html,evdoc-3be21bea2baf6ec8,True,True,True,https://www.firstpost.com/india/pm-modi-files-nomination-from-varanasi-lok-sabha-elections-202413770556-13770556.html,article_like,True,dev,train,dev,dev,retired_prior
hmx-0276,976,"Indian Cricket Team ne PM Modi se World Cup trophy ke saath mulaqat ki, naye ‘Champions’ jersey pehni.","Indian Cricket Team meets PM Modi with World Cup trophy, wears the new 'Champions' jersey | SEE VISUALS As they all posed with trophy, PM Narendra Modi held their hands, not the trophy",real,SUPPORTED,query_images\hmx-0276.png,https://sports.ndtv.com/t20-world-cup-2024/pm-narendra-modis-incredible-t20-world-cup-trophy-act-is-viral-on-social-media-6031614,evdoc-0fdeb2e4a834acc1,True,True,True,https://sports.ndtv.com/t20-world-cup-2024/pm-narendra-modis-incredible-t20-world-cup-trophy-act-is-viral-on-social-media-6031614,article_like,True,dev,dev,train,test,retired_prior
hmx-0277,977,Bajrang Punia aur Vinesh Phogat Congress join kiye Olympics ke baad: Haryana election me BJP ke khilaf ladne wale hain.,"Bajrang Punia, Vinesh Phogat join Congress after Olympics: To fight in Haryana elections against BJP Meanwhile, AAP are in talks to form alliance with Congress for Haryana polls.",real,SUPPORTED,query_images\hmx-0277.png,https://www.ndtv.com/india-news/vinesh-phogat-bajrang-punia-join-congress-ahead-of-haryana-elections-6504268,evdoc-4e684f0662649f4b,True,True,True,https://www.ndtv.com/india-news/vinesh-phogat-bajrang-punia-join-congress-ahead-of-haryana-elections-6504268,article_like,True,test,train,train,train,test
hmx-0278,978,"Ed Sheeran ke baad, Diljit Dosanjh ne Badshah ko pehli baar stage par invite kiya, bola “angel soul.”","After Ed Sheeran, Diljit Dosanjh invites Badshah to share stage for the first time ever, calls him ""angel soul"" The singers honoured their 15 years of friendship at Diljit's London concert.",real,SUPPORTED,query_images\hmx-0278.png,https://www.news18.com/movies/diljit-dosanjh-and-badshah-set-the-stage-on-fire-at-london-concert-singer-calls-him-angel-soul-watch-9075651.html,evdoc-65564417bc9c93d7,True,True,True,https://www.news18.com/movies/diljit-dosanjh-and-badshah-set-the-stage-on-fire-at-london-concert-singer-calls-him-angel-soul-watch-9075651.html,article_like,True,test,dev,train,train,train
hmx-0279,979,20 saal ki Rachel Gupta bani pehli Indian jinhone Miss Grand International jeeta: History likh di.,20-year-old Rachel Gupta becomes 1st Indian to win Miss Grand International: Scripts history | SEE VISUALS The global beauty pageant saw women from 70+ countries compete.,real,SUPPORTED,query_images\hmx-0279.png,https://news.abplive.com/lifestyle/who-is-rachel-gupta-the-20-old-year-girl-who-became-the-first-indian-to-win-miss-grand-international-2024-1727492,evdoc-f86344514a660ca8,True,True,True,https://news.abplive.com/lifestyle/who-is-rachel-gupta-the-20-old-year-girl-who-became-the-first-indian-to-win-miss-grand-international-2024-1727492,article_like,True,train,train,train,train,train
hmx-0280,980,Radhika Merchant ne Nita Ambani ko bola ‘CEO of wedding’: Isha aur Shloka ne planning me madad ki.,"Radhika Merchant calls Nita Ambani 'CEO of wedding': Shares how Isha and Shloka helped in planning The wedding over the weekend resembled a dream, she said.",real,SUPPORTED,query_images\hmx-0280.png,https://www.hindustantimes.com/trending/radhika-merchant-calls-nita-ambani-ceo-of-wedding-shares-how-isha-ambani-shloka-mehta-helped-in-planning-101721020262571.html,evdoc-a468efa1a99e655e,True,True,True,https://www.hindustantimes.com/trending/radhika-merchant-calls-nita-ambani-ceo-of-wedding-shares-how-isha-ambani-shloka-mehta-helped-in-planning-101721020262571.html,article_like,True,train,train,dev,dev,retired_prior
hmx-0282,982,Xiaomi ne launch kiya apna pehla electric car SU7 ₹25 lakh me: Tesla aur BYD ko dega takkar.,"Smartphone giant Xiaomi launches its first electric car SU7 at ₹25 lakhs: To challenge Tesla and BYD The car boasts of upto 900km range, autonomous driving and more.",real,SUPPORTED,query_images\hmx-0282.png,https://www.livemint.com/auto-news/xiaomi-su7-ev-launched-at-nearly-rs-24-90-lakh-challenges-tesla-and-byd-check-range-features-and-more-11711632374087.html,evdoc-ed4e301504233937,True,True,True,https://www.livemint.com/auto-news/xiaomi-su7-ev-launched-at-nearly-rs-24-90-lakh-challenges-tesla-and-byd-check-range-features-and-more-11711632374087.html,article_like,True,train,test,train,train,dev
hmx-0284,984,US ne 'national emergency' announce ki aur kaha sirf 2 genders hi acceptable hain jab Trump bana president.,US announces 'national emergency' & only 2 acceptable genders as Trump becomes president | SEE PHOTOS US will no more be part of World Health Org or have birthright citizenship.,real,SUPPORTED,query_images\hmx-0284.png,https://www.ndtv.com/world-news/us-official-policy-is-there-are-only-2-genders-trumps-top-quotes-7521592,evdoc-de18fec46bea709c,True,True,True,https://www.ndtv.com/world-news/us-official-policy-is-there-are-only-2-genders-trumps-top-quotes-7521592,article_like,True,train,train,train,train,test
hmx-0285,986,"Mere marks matter karenge, meri face nahi.” UP Board Class 10 topper Prachi Nigam ek viral trolling incident ke baad bolti hain: “Trolls apne mindset ke saath jee sakte hain, mujhe khushi hai ki mera success ab meri pehchaan ban chuka hai","My marks will matter, not my face': UP board topper Prachi Nigam opens up about trollers over her facial hair ""Trolls can live with their mindset, I am happy that my success is now my identity.""",real,SUPPORTED,query_images\hmx-0285.png,https://www.hindustantimes.com/trending/up-board-class-10-topper-prachi-nigam-trolled-for-facial-hair-says-this-to-women-in-glow-up-video-never-try-to-101716901521575.html,evdoc-f09d5c7a09f90bea,True,True,True,https://www.hindustantimes.com/trending/up-board-class-10-topper-prachi-nigam-trolled-for-facial-hair-says-this-to-women-in-glow-up-video-never-try-to-101716901521575.html,article_like,True,train,train,train,train,train
hmx-0292,995,"Ramleela mein Ram ka kirdaar nibha rahe aadmi ki maut stage par hi ho gayi. 45 saal ke the, broker the lekin Ramleela mein kaam karte the shauk se. Live performance ke dauraan heart attack aaya, log pehle soch rahe the yeh act ka part hai…","Man playing lord Ram dies of heart-attack LIVE on stage while performing in Ramleela | WATCH The 45-year-old didn't have any diseases, was a broker who acted for passion.",real,SUPPORTED,query_images\hmx-0292.png,https://www.indiatoday.in/india/story/ramleela-actor-playing-lord-ram-dies-of-heart-attack-on-stage-up-2537774-2024-05-01,evdoc-9608ca85a1163553,True,True,True,https://www.indiatoday.in/india/story/ramleela-actor-playing-lord-ram-dies-of-heart-attack-on-stage-up-2537774-2024-05-01,article_like,True,train,train,train,train,test
hmx-0294,997,Jeevansathi Report 2025: What Do Indian Singles Really Think About Love & Marriage? A new Modern Matchmaking Report by Jeevansathi surveyed thousands of Indian singles across metros and small towns. Here’s what the findings reveal:,"Jeevansathi's report reveals 'What do Indian singles think about love, relationships and marriage?"" The Modern matchmaking report surveyed thousands of singles.",real,SUPPORTED,query_images\hmx-0294.png,https://www.deccanchronicle.com/lifestyle/relationship/men-want-love-women-seek-compatibility-jeevansathis-modern-matchmaking-report-1861069,evdoc-10f7790b6636a386,True,True,True,https://www.deccanchronicle.com/lifestyle/relationship/men-want-love-women-seek-compatibility-jeevansathis-modern-matchmaking-report-1861069,article_like,True,dev,train,train,train,train
hmx-0295,998,"India’s Got Latent” case mein Ranveer Allahbadia ko Guwahati police station bulaya gaya. Wahaan unse ghanton pooch-taach ki gayi. Unka 45‑minute video viral hua jisme kuchh log keh rahe the, “Kya tumhein awaz sunai deti hai?”— tension high ho gayi thi. Unke saamne NCW bhi samne dikhayi diye.","Treating him like a criminal? Ranveer Allahbadia reaches police station in 'India's Got Latent' case He appeared in Guwahati, faced intense grilling by police.",real,SUPPORTED,query_images\hmx-0295.png,https://indianexpress.com/article/india/ranveer-allahbadia-assam-police-indias-got-latent-9874384,evdoc-9fe6e4821061f22e,True,True,True,https://indianexpress.com/article/india/ranveer-allahbadia-assam-police-indias-got-latent-9874384,article_like,True,train,train,train,train,test
hmx-0296,999,"Karnataka Congress sarkar ne sabhi Muslims ko OBC list mein include kar diya hai taaki unhe naukri aur padhaai mein reservation mil sake.” “Islam mei caste system allowed nahi hai, lekin ye practice kiya ja raha hai.” From Joe Biden to Vladimir Putin and Giorgia Meloni, all share wishes.","Karnataka Congress govt includes muslims in OBCs to get reservation for employment and education Caste system is not permissible in the Muslim religion, but still practiced.",real,SUPPORTED,query_images\hmx-0296.png,https://www.businesstoday.in/india/story/karnataka-muslims-included-in-list-of-obcs-for-reservation-in-employment-educational-institutions-426714-2024-04-24,evdoc-845c9a14d2e40d5e,True,True,True,https://www.businesstoday.in/india/story/karnataka-muslims-included-in-list-of-obcs-for-reservation-in-employment-educational-institutions-426714-2024-04-24,article_like,True,test,train,train,test,retired_prior
hmx-0297,1000,"Zomato delivery partner road par besahara ro raha tha kyunki uska account block ho gaya tha. Uske paas apni behan ki shaadi ke liye bhi paise nahi the, khud ko paani nahi khila pa raha tha.",Zomato delivery partner seen crying uncontrollably on road as the company blocked his account The man did not even have food to save money for sister's wedding.,real,SUPPORTED,query_images\hmx-0297.png,https://www.hindustantimes.com/trending/zomato-delivery-partner-sobs-uncontrollably-in-delhi-s-gtb-nagar-claims-company-blocked-his-account-company-reacts-101711704338251.html,evdoc-3361f6d918b694b4,True,True,True,https://www.hindustantimes.com/trending/zomato-delivery-partner-sobs-uncontrollably-in-delhi-s-gtb-nagar-claims-company-blocked-his-account-company-reacts-101711704338251.html,article_like,True,dev,dev,train,train,test
hmx-0299,1002,Rajasthan ki Mohana Singh bani LCA Tejas fighter fleet ki pehli woman fighter pilot” Woh un teen pehli female fighter pilots me se thi jinhone 2016 me IAF ke fighter stream me entry li — aur ab No. 18 ‘Flying Bullets’ squadron me Tejas pe fly karti hain.,"Indore sets world record by planting 1.2 million tree saplings in a day, plan to create a greener cityMeet Rajasthan's Mohana Singh, the first woman fighter pilot in LCA Tejas fighter fleet She was also part of the first group of women who became fighter pilots in lAF. The govt aims to achieve net-zero targets and reduce air pollution for long run.",real,SUPPORTED,query_images\hmx-0299.png,https://www.firstpost.com/explainers/quicksplained-who-is-squadron-leader-mohana-singh-the-first-indian-woman-to-fly-tejas-fighter-jet-13816664.html,evdoc-f7f950737e5ea0b6,True,True,True,https://www.firstpost.com/explainers/quicksplained-who-is-squadron-leader-mohana-singh-the-first-indian-woman-to-fly-tejas-fighter-jet-13816664.html,article_like,True,train,test,train,train,test
hmx-0300,1003,Tamil Nadu ne 2025 mein Pakistan ke poore GDP ko cross kar diya hai!,TAMIL NADU HAS JUST CROSSED THE ENTIRE GDP OF PAKISTAN IN 2025,real,SUPPORTED,query_images\hmx-0300.png,https://www.moneycontrol.com/news/india/this-single-indian-state-almost-equals-pakistan-s-373-billion-economy-13027807.html,evdoc-89b83cda4c2c6f44,True,True,True,https://www.moneycontrol.com/news/india/this-single-indian-state-almost-equals-pakistan-s-373-billion-economy-13027807.html,article_like,True,test,train,dev,dev,retired_prior
hmx-0301,1004,Uttar Pradesh mein aakhri 2 din mein 25 logon ki maut lightning strike ke wajah se.” CM Yogi Adityanath ne relief aur compensation ke liye turant actions liye — marne walon ke parivaron ke liye ₹4 lakh ex-gratia aur crop damage ka survey bhi order kiya gaya.,UTTAR PRADESH RECORDS 25 DEATHS IN LIGHTNING STRIKES OVER LAST 2 DAYS CM YOGI ADITYANATH ORDERS RELIEF AND COMPENSATION,real,SUPPORTED,query_images\hmx-0301.png,https://www.amarujala.com/lucknow/up-25-people-died-due-to-lightning-in-the-state-cm-yogi-gave-instructions-for-compensation-ordered-survey-f-2025-06-15,evdoc-aa1a3b4b7d839d65,True,True,True,https://www.amarujala.com/lucknow/up-25-people-died-due-to-lightning-in-the-state-cm-yogi-gave-instructions-for-compensation-ordered-survey-f-2025-06-15,article_like,True,train,test,train,train,train
hmx-0302,1005,"Baar saalon ke delays ke baad, Bharat bhaari jung ke liye taiyar ho raha hai — India ko pahli AH‑64E Apache attack helicopters milne wali hain!",AFTER YEARS OF DELAYS INDIA WILL GET THE FIRST SET OF AH-64E APACHE HELICOPTERS,real,SUPPORTED,query_images\hmx-0302.png,https://www.indiandefensenews.in/2025/07/the-us-is-set-to-deliver-on-jul-15-2025.html,evdoc-37ad24fb04ec5d57,True,True,True,https://www.indiandefensenews.in/2025/07/the-us-is-set-to-deliver-on-jul-15-2025.html,article_like,True,dev,train,dev,dev,retired_prior
hmx-0304,1029,"Earth ne tez ghoomna shuru kar diya hai aur din chhote hote ja rahe hain: Scientists ne kiya hairaan karne wala khulasa Agar yeh chalta raha, toh 2029 se time ka ‘removal’ pehli baar history mein dekha ja sakta hai.","Scientists reveal Earth is spinning faster, making days shorter; potential time removal predicted by 2029.",real,SUPPORTED,query_images\hmx-0304.png,https://edition.cnn.com/2025/07/21/science/earth-spinning-faster-shorter-days,evdoc-091ec8a873e394ef,True,True,True,https://edition.cnn.com/2025/07/21/science/earth-spinning-faster-shorter-days,article_like,True,dev,dev,train,train,train
hmx-0305,1031,"Indian Army ke doctor ne sirf ek ‘pocket knife aur hair clips’ se railway station par baby ko deliver kiya aur uski jaan bachayi. Officer Jhansi Railway Station, UP se ghar ja rahe the.",Indian Army doctor delivers a baby at a flooded railway station using only a pocket knife and hair clips.,real,SUPPORTED,query_images\hmx-0305.png,https://www.ndtv.com/india-news/army-doctor-delivers-baby-at-up-railway-platform-with-hair-clip-pocket-knife-8832833,evdoc-22cc277a22230519,True,True,True,https://www.ndtv.com/india-news/army-doctor-delivers-baby-at-up-railway-platform-with-hair-clip-pocket-knife-8832833,article_like,True,dev,dev,train,train,train
hmx-0306,1032,"Apple ne Indian-origin ke Sabih Khan ko apna naya Chief Operating Officer banaya hai, ab woh company mein Tim Cook ke baad dusre number par hain.","Indian-origin Sabih Khan, born in Moradabad, becomes Apple’s new COO, second only to Tim Cook.",real,SUPPORTED,query_images\hmx-0306.png,https://timesofindia.indiatimes.com/technology/tech-news/who-is-sabih-khan-apples-new-indian-origin-coo-succeeding-jeff-williams-appointed-by-tim-cook/articleshow/122334989.cms,evdoc-d69987932e5b1bd3,True,True,True,https://timesofindia.indiatimes.com/technology/tech-news/who-is-sabih-khan-apples-new-indian-origin-coo-succeeding-jeff-williams-appointed-by-tim-cook/articleshow/122334989.cms,article_like,True,dev,dev,train,train,train
hmx-0307,1033,"Moradabad mein paida hue Indian-origin ke Sadih Khan banaye gaye Apple ke COO: Tim Cook ke bilkul saath kaam karenge Unhone Apple mein 30 saal tak kaam kiya hai, aur 5th class mein India se bahar chale gaye the.","Born in Moradabad, Indian-origin Sadih Khan appointed COO of Apple: Will work right next to Tim Cook He has worked 30 years in Apple, had moved out of India in 5th grade.",real,SUPPORTED,query_images\hmx-0307.jpg,https://timesofindia.indiatimes.com/technology/tech-news/who-is-sabih-khan-apples-new-indian-origin-coo-succeeding-jeff-williams-appointed-by-tim-cook/articleshow/122334989.cms,evdoc-d69987932e5b1bd3,True,True,True,https://timesofindia.indiatimes.com/technology/tech-news/who-is-sabih-khan-apples-new-indian-origin-coo-succeeding-jeff-williams-appointed-by-tim-cook/articleshow/122334989.cms,article_like,True,dev,dev,train,train,train
hmx-0308,1034,"Asia ki sabse buzurg haathi 'Vatsala' ka Kerala mein 100 saal ki umar mein dehant ho gaya: Unhe wahan ki wildlife ki dadi kaha jaata tha Apni aakhri dino mein woh andhi ho gayi thi, unka janm 1925 mein hua tha.","Asia’s oldest elephant, Vatsala, dies at 100 in Kerala; remembered as the “grandma” of local wildlife.",real,SUPPORTED,query_images\hmx-0308.png,https://www.thehindu.com/news/national/madhya-pradesh/asias-oldest-elephant-vatsala-dies-at-panna-tiger-reserve-mp-cm-pays-tributes/article69790118.ece,evdoc-f8f6f872b57e6150,True,True,True,https://www.thehindu.com/news/national/madhya-pradesh/asias-oldest-elephant-vatsala-dies-at-panna-tiger-reserve-mp-cm-pays-tributes/article69790118.ece,article_like,True,train,test,train,test,retired_prior
hmx-0310,1036,"Gurgaon ka ""Sea Facing"" DLF Camellias – keemat ₹100 crore 🙂","DLF Camellias in waterlogged Gurgaon dubbed ""sea-facing""; priced at ₹100 crore.",real,SUPPORTED,query_images\hmx-0310.png,https://www.moneycontrol.com/news/business/real-estate/gurgaon-flat-sold-for-rs-100-crore-luxury-property-deal-narrows-gap-with-delhi-11569881.html,evdoc-2e3fb8c85a5ab344,True,True,True,https://www.moneycontrol.com/news/business/real-estate/gurgaon-flat-sold-for-rs-100-crore-luxury-property-deal-narrows-gap-with-delhi-11569881.html,article_like,True,dev,train,train,train,dev
hmx-0311,1037,"Yeh ek hardworking taxpayer hai jo kaam se wapas jaa raha hai ghutno tak paani mein, Millennial city Gurgaon mein — ek aisi city jo hazaron crore ka tax deti hai state aur country ko. Bas kuch ghanton ki baarish aur logon ko apni cars chhodni pad gayi, doston ke ghar rukna pada, kaam miss ho gaya, ghar, meetings, flights sab reh gaya. Gurgaon ke kuch posh areas ke alawa, traffic aur infrastructure total mess hai. Citizens complain karte hain, likhte hain, awaaz uthate hain, lekin kuch badlta hi nahi. Sarkari system ke paas paisa to hai, lekin kuch karna hi nahi chahte. Roz subah shaam traffic jam hoti hai. Uss pe baarish aur paani bhar gaya to common aadmi ke liye koi relief hi nahi hai. Bahut hi dukhad haal hai.","Gurgaon’s poor infrastructure and traffic management cause severe disruptions during rainfall, leaving citizens stranded despite the city’s high tax contributions.",real,SUPPORTED,query_images\hmx-0311.png,https://timesofindia.indiatimes.com/city/gurgaon/negligence-uncovered-rain-reveals-infra-gaps-in-gurgaon/articleshow/122529682.cms,evdoc-db4669649efe4867,True,True,True,https://timesofindia.indiatimes.com/city/gurgaon/negligence-uncovered-rain-reveals-infra-gaps-in-gurgaon/articleshow/122529682.cms,article_like,True,train,train,train,train,test
hmx-0313,1040,"Tommy Robinson ne seedha bola: “Pakistanis UK ki population ka sirf 3% hain, lekin 33% birth defects ke liye zimmedar hain. Bacche retard ho kar paida ho rahe hain. Yeh economy ko billions ka nuksaan pahuncha raha hai kyunki Mohammed ne apni cousin se shaadi ki.” Cousin marriage ban karo! Bradford mein 76% Pakistanis ne apni first cousin se shaadi ki hai.","Tommy Robinson claims that 76% of Pakistanis in Bradford marry their first cousins, allegedly causing 33% of the UK’s birth defects.",real,SUPPORTED,query_images\hmx-0313.png,https://economictimes.indiatimes.com/news/international/global-trends/pakistanis-responsible-for-33-of-birth-defects-in-uk-due-to-cousing-marriages-claims-viral-post/articleshow/122315969.cms?from=mdr,evdoc-e84b9f408dca732e,True,True,True,https://economictimes.indiatimes.com/news/international/global-trends/pakistanis-responsible-for-33-of-birth-defects-in-uk-due-to-cousing-marriages-claims-viral-post/articleshow/122315969.cms?from=mdr,article_like,True,train,train,train,train,dev
hmx-0314,1041,"UK mein hone wale 33% birth defects ka reason Pakistanis hain kyunki woh cousin se shaadi karte hain, aur bacche ‘mentally retarded’ ho jaate hain: Report Sabse shocking baat yeh hai ki yeh sirf 3% population hain.","A report claims that cousin marriages among Pakistanis in the UK are responsible for 33% of birth defects and mental disabilities, despite them being only 3% of the population.",real,SUPPORTED,query_images\hmx-0314.png,https://www.bbc.com/news/uk-england-leeds-23183102,evdoc-c239f6fbbc89f362,True,True,True,https://www.bbc.com/news/uk-england-leeds-23183102,article_like,True,train,train,train,train,dev
hmx-0316,1046,"Delhi NCR ko 36 ghanton mein doosra zordar bhookamp laga hai: North India ko tremors ke liye alert rehne ko kaha gaya hai Dono epicenters Haryana ke Jhajjar mein the, ek bada bhookamp hone ka bhi chance hai.","Delhi NCR was struck by its second strong earthquake in 36 hours, with North India on alert due to tremors.",real,SUPPORTED,query_images\hmx-0316.png,https://www.indiatoday.in/india/story/earthquake-tremors-jolt-delhi-ncr-second-time-in-two-days-2754516-2025-07-11,evdoc-126368f0ef4744e5,True,True,True,https://www.indiatoday.in/india/story/earthquake-tremors-jolt-delhi-ncr-second-time-in-two-days-2754516-2025-07-11,article_like,True,dev,train,train,train,dev
hmx-0317,1047,"Jaise socha gaya tha, take-off ke baad kuch hi seconds mein DUAL ENGINE FAILURE ho gaya, jo CCTV footage se bhi dikha. Report mein RAT ki photo bhi thi jo activate ho gayi thi (yeh emergency power source hota hai).","A dual engine failure occurred seconds after takeoff, with an emergency power source (RAT) activated as shown in CCTV footage.",real,SUPPORTED,query_images\hmx-0317.png,https://economictimes.indiatimes.com/news/new-updates/air-india-crash-what-is-emergency-power-activated-after-a-dual-engine-failure/articleshow/121926530.cms?from=mdr,evdoc-cf7fea118162f8e2,True,True,True,https://economictimes.indiatimes.com/news/new-updates/air-india-crash-what-is-emergency-power-activated-after-a-dual-engine-failure/articleshow/121926530.cms?from=mdr,article_like,True,train,train,train,train,dev
hmx-0319,1049,"Pilot: ""Fuel kyun cut kiya?"" Doosra pilot: ""Maine nahi kiya!"" Air India flight ke engines take-off ke baad band ho gaye — blackbox ne sab reveal kar diya.","The blackbox report of the Air India crash revealed that the engines were shut down after takeoff, and pilots discussed who did it.",real,SUPPORTED,query_images\hmx-0319.png,https://www.thehindu.com/news/national/air-india-ahmedabad-plane-crash-aircraft-accident-investigation-bureau-publishes-preliminary-report/article69802170.ece,evdoc-f41cad11a71d9973,True,True,True,https://www.thehindu.com/news/national/air-india-ahmedabad-plane-crash-aircraft-accident-investigation-bureau-publishes-preliminary-report/article69802170.ece,article_like,True,train,train,train,train,train
hmx-0320,1050,"Aaj hua ek saal duniya ki sabse badi shaadi ko, jo ban gayi thi ek global phenomenon! Anant aur Radhika ki shaadi ke celebration me toh har taraf se crossovers hi crossovers the — Bollywood, Hollywood, sab ek hi jagah!",The wedding of Anant and Radhika Ambani became a global phenomenon and included celebrities from various industries.,real,SUPPORTED,query_images\hmx-0320.png,https://economictimes.indiatimes.com/news/company/corporate-trends/anant-and-radhika-ambanis-wedding-ceremony-one-year-since-a-celebration-that-transcended-borders-and-honoured-indian-culture/articleshow/122401430.cms?from=mdr,evdoc-d30c99fcb201c136,True,True,True,https://economictimes.indiatimes.com/news/company/corporate-trends/anant-and-radhika-ambanis-wedding-ceremony-one-year-since-a-celebration-that-transcended-borders-and-honoured-indian-culture/articleshow/122401430.cms?from=mdr,article_like,True,dev,train,test,retired_v5_test,retired_prior
hmx-0321,1052,UNESCO ne India ke 'Maratha military landscapes' ko World Heritage Sites me shamil kar liya hai! Isme Maharashtra aur Tamil Nadu ke 12 forts include kiye gaye hain. Proud moment for India!,"UNESCO has recognized and added India's Maratha military landscapes, including 12 forts in Maharashtra and Tamil Nadu, as World Heritage Sites.",real,SUPPORTED,query_images\hmx-0321.png,https://whc.unesco.org/en/list/1739,evdoc-5e005f88e590a272,True,True,True,https://whc.unesco.org/en/list/1739,article_like,True,test,train,dev,dev,retired_prior
hmx-0322,1053,"Karnataka ke jungle me ek Russian woman apne do bachchon ke saath cave me rehti mili Uska visa 2017 me expire ho chuka tha! Bacchon ka naam Preya (6) aur Ama (4) hai, aur yeh sab Gokarna ke forest area me reh rahe the. Ab unhe deport kiya jayega.","A Russian woman and her two children were found living in a cave in Karnataka's Gokarna forest with an expired visa from 2017, and are set to be deported.",real,SUPPORTED,query_images\hmx-0322.png,https://timesofindia.indiatimes.com/city/bengaluru/no-immediate-deportation-of-russian-woman-found-in-cave-karnataka-high-court/articleshow/122889249.cms,evdoc-fad23b51f370954d,True,True,True,https://timesofindia.indiatimes.com/city/bengaluru/no-immediate-deportation-of-russian-woman-found-in-cave-karnataka-high-court/articleshow/122889249.cms,article_like,True,train,train,train,train,dev
hmx-0323,1054,"India ke top institute IIM Calcutta me ek student ka rape hua boys hostel ke andar, jab uske drink me kuch milaya gaya tha. Lekin victim ke father ne rape ke charges se inkaar kiya hai aur bola ki ladki auto se gir gayi thi.","A student at IIM Calcutta was allegedly raped inside the boys hostel after her drink was spiked, but the victim's father denied rape charges and claimed she fell from an auto.",real,SUPPORTED,query_images\hmx-0323.png,https://www.thehindu.com/news/cities/kolkata/iim-calcutta-rape-accused-bought-sleeping-pills-to-spike-cold-drinks-offered-to-woman-police/article69809739.ece,evdoc-1d2f6ea2ad3cd7b8,True,True,True,https://www.thehindu.com/news/cities/kolkata/iim-calcutta-rape-accused-bought-sleeping-pills-to-spike-cold-drinks-offered-to-woman-police/article69809739.ece,article_like,True,dev,train,test,retired_v5_test,retired_prior
hmx-0324,1056,India ka cruise tourism duniya me sabse tez grow kar raha hai! Sarkar top international cruise companies ke saath baat kar rahi hai. 2029 tak har saal 1 million se zyada tourists sirf waterways ke through aane ki umeed hai.,"India’s cruise tourism sector is growing at the fastest rate globally, and the government expects over a million annual tourists via waterways by 2029.",real,SUPPORTED,query_images\hmx-0324.png,https://skift.com/2025/04/23/india-wants-1-million-cruise-tourists-by-2029,evdoc-109345592472347c,True,True,True,https://skift.com/2025/04/23/india-wants-1-million-cruise-tourists-by-2029,article_like,True,dev,dev,train,train,dev
hmx-0326,1060,Tesla ne officially India me entry le li hai aur Mumbai me apna pehla showroom khola hai! Self-driving cars ki starting price ₹66 lakh hogi. Company poore India me delivery degi aur cars online bhi order ki ja sakti hain.,Tesla has opened its first showroom in Mumbai and will sell self-driving cars starting at ₹66 lakhs with pan-India delivery and online ordering.,real,SUPPORTED,query_images\hmx-0326.png,https://www.thehindu.com/business/elon-musks-tesla-to-open-first-india-store-in-mumbai-on-july-15/article69798935.ece,evdoc-56dcfc2fc8d2e22c,True,True,True,https://www.thehindu.com/business/elon-musks-tesla-to-open-first-india-store-in-mumbai-on-july-15/article69798935.ece,article_like,True,test,test,train,train,test
hmx-0327,1061,"Delhi me ab koi bhi overhead wire nazar nahi aayega — CM Rekha Gupta ne bola, ""ek bhi wire visible nahi hoga."" Unhone project launch kiya hai jisme saare wires ko underground network me convert kiya jayega.",CM Rekha Gupta has launched a project to make Delhi free of overhead wires by converting them into an underground network.,real,SUPPORTED,query_images\hmx-0327.png,https://www.thehindu.com/news/cities/Delhi/cm-rekha-gupta-launches-drive-to-make-delhi-overhead-wire-free-says-not-a-single-wire-will-be-visible/article69803575.ece,evdoc-9f6deab1a54db6c2,True,True,True,https://www.thehindu.com/news/cities/Delhi/cm-rekha-gupta-launches-drive-to-make-delhi-overhead-wire-free-says-not-a-single-wire-will-be-visible/article69803575.ece,article_like,True,train,train,train,train,train
hmx-0328,1062,Ek aadmi ne Drishyam movie se inspire hoke apni saas ka murder kiya aur use ek accident dikhakar ₹55 lakh ka insurance claim kiya. Usne ‘perfect crime’ plan karne ki koshish ki just like the movie.,A man inspired by the movie Drishyam killed his mother-in-law and staged it as an accident to claim ₹55 lakh insurance.,real,SUPPORTED,query_images\hmx-0328.png,https://economictimes.indiatimes.com/news/new-updates/drishyam-in-telangana-man-kills-mother-in-law-to-claim-insurance-money-tries-to-make-it-look-like-an-accident/articleshow/122431913.cms?from=mdr,evdoc-730b5b98fbeb9f0b,True,True,True,https://economictimes.indiatimes.com/news/new-updates/drishyam-in-telangana-man-kills-mother-in-law-to-claim-insurance-money-tries-to-make-it-look-like-an-accident/articleshow/122431913.cms?from=mdr,article_like,True,test,train,train,train,test
hmx-0329,1063,"Bollywood ki sabse mehengi film banne ja rahi hai — Ramayana! ₹4000 crore ka budget hoga, aur yeh do parts me banegi. Ranbir Kapoor honge 'Lord Ram' aur Yash banenge 'Ravan'.","A two-part Ramayana film starring Ranbir Kapoor as Lord Ram and Yash as Ravan is in development, reportedly with a ₹4000 crore budget.",real,SUPPORTED,query_images\hmx-0329.png,https://indianexpress.com/article/entertainment/bollywood/ranbir-kapoor-and-yash-ramayana-being-made-on-a-whopping-rs-4000-crore-budget-10126987,evdoc-d1cb6121b7cab054,True,True,True,https://indianexpress.com/article/entertainment/bollywood/ranbir-kapoor-and-yash-ramayana-being-made-on-a-whopping-rs-4000-crore-budget-10126987,article_like,True,train,train,train,train,train
hmx-0330,1064,Backlash ke baad Prada ne decide kiya ki wo ab Indian Kolhapuri chappal ke asli artisans ke saath milke sandals banayega. Pehle Prada ne ₹1.2 lakh ke chappals bech diye bina unke Indian roots ko credit diye.,"After backlash, Prada agreed to collaborate with Indian Kolhapuri artisans, having earlier sold similar sandals for ₹1.2 lakh without crediting their origin.",real,SUPPORTED,query_images\hmx-0330.png,https://www.bbc.com/news/articles/cly801q2pw7o,evdoc-3354392d96e44ebe,True,True,True,https://www.bbc.com/news/articles/cly801q2pw7o,article_like,True,dev,train,train,train,dev
hmx-0331,1065,"Canada ke Credit River ke kinare NRIs ne Ganga Aarti perform ki. Video dekh kar log confuse ho gaye — kuch logon ne culture ko preserve karne ke liye praise kiya, toh kuch ne criticize bhi kiya.","A group of NRIs performed Ganga Aarti on the banks of Credit River in Canada, drawing both praise and criticism online.",real,SUPPORTED,query_images\hmx-0331.png,https://www.indiatoday.in/trending-news/story/ganga-aarti-performed-on-credit-river-canada-viral-video-internet-reacts-2755043-2025-07-13,evdoc-f34c84963edf0b41,True,True,True,https://www.indiatoday.in/trending-news/story/ganga-aarti-performed-on-credit-river-canada-viral-video-internet-reacts-2755043-2025-07-13,article_like,True,train,train,train,train,dev
hmx-0332,1066,Duniya ke sabse buzurg marathon runner Fauja Singh (114) ka Punjab ke Jalandhar me ek hit and run accident me death ho gaya. Ek Fortuner ne unhe takra diya. Wo apni fitness ke liye world wide mashhoor the. NRI driver ko arrest kar liya gaya hai.,"Fauja Singh, the world’s oldest marathon runner, died in a hit-and-run crash at age 114 in Punjab; the NRI driver was arrested.",real,SUPPORTED,query_images\hmx-0332.png,https://timesofindia.indiatimes.com/city/chandigarh/fauja-singh-hit-and-run-accused-driver-arrested-in-death-of-worlds-oldest-marathon-runner-fortuner-also-seized/articleshow/122546691.cms,evdoc-8134119811eb751c,True,True,True,https://timesofindia.indiatimes.com/city/chandigarh/fauja-singh-hit-and-run-accused-driver-arrested-in-death-of-worlds-oldest-marathon-runner-fortuner-also-seized/articleshow/122546691.cms,article_like,True,test,dev,train,test,retired_prior
hmx-0333,1111,"‘Balatkaar, hinsa, aatankvaad’ US ne achanak India ke liye travel advisory update ki, mahilaon se kaha ki akeli safar na karein","‘Rape, violence, terrorism’ US suddenly updates travel advisory for India, asks women not to travel alone",real,SUPPORTED,query_images\hmx-0333.png,https://in.usembassy.gov/travel-advisory-india-level-2-exercise-increased-caution,evdoc-e8d5891308108ef3,True,True,True,https://in.usembassy.gov/travel-advisory-india-level-2-exercise-increased-caution,article_like,True,train,train,train,train,dev
hmx-0334,1113,"Pehle ke Videsh Mantri, Vartamaan Videsh Mantri","FORMER FOREIGN MINISTER, PRESENT FOREIGN MINISTER",fake,CONTRADICTED,query_images\hmx-0334.png,https://en.wikipedia.org/wiki/Minister_of_External_Affairs_(India),evdoc-28aa23c03f72bdcc,True,True,True,https://en.wikipedia.org/wiki/Minister_of_External_Affairs_(India),article_like,True,dev,train,train,test,retired_prior
hmx-0335,1116,International Yoga Day ke celebration ka kharcha ₹43.2 crore (2024) se badhkar ₹120 crore (2025) ho gaya hai,Expenses for the International Yoga Day celebrations have increased from ₹43.2 crore in 2024 to ₹120 crore in 2025,real,SUPPORTED,query_images\hmx-0335.png,https://www.rediff.com/news/report/120-crore-spent-on-yoga-day-2025/20250630.htm,evdoc-a5e1630bb4723832,True,True,True,https://www.rediff.com/news/report/120-crore-spent-on-yoga-day-2025/20250630.htm,article_like,True,train,train,train,train,test
hmx-0336,1117,"DILJIT DOSANJH ek national asset hai, Indian culture ka global ambassador hai DILJIT DOSANJH ek Khalistani hai, usse Pakistan pasand hai. Woh anti-national hai","DILJIT DOSANJH IS A NATIONAL ASSET, GLOBAL AMBASSADOR OF INDIAN CULTURE DILJIT DOSANJH IS A KHALISTANI, LOVES PAKISTAN. HE’S A ANTI-NATIONAL",fake,CONTRADICTED,query_images\hmx-0336.png,https://indianexpress.com/article/political-pulse/diljit-dosanjh-fans-across-parties-punjab-barred-film-climbs-charts-10108236,evdoc-9f2e9e57630e37b3,True,True,True,https://indianexpress.com/article/political-pulse/diljit-dosanjh-fans-across-parties-punjab-barred-film-climbs-charts-10108236,article_like,True,train,train,train,train,train
hmx-0339,1123,"""VIJAY MALLYA ne SBI se 70,000 CR ROBUX ka loan liya Kingfisher Airlines ko Roblox mein re-buy karne ke liye.""","""VIJAY MALLYA TAKES 70,000 CR ROBUX LOAN FROM SBI TO REBUY KINGFISHER AIRLINES IN ROBLOX""",fake,CONTRADICTED,query_images\hmx-0339.png,https://www.bhaskarenglish.in/originals/news/vijay-mallya-scam-7000-crore-unpaid-14131-crore-seized-fugitive-still-in-london-135227643.html,evdoc-2cabf65026eb7f9e,True,True,True,https://www.bhaskarenglish.in/originals/news/vijay-mallya-scam-7000-crore-unpaid-14131-crore-seized-fugitive-still-in-london-135227643.html,article_like,True,dev,train,train,train,test
hmx-0340,1124,"""GOVT ne MASOOM SHARMA ko thanks kaha uneducated Indians ko count karne mein help karne ke liye, uski audience ko dekh kar.""","""GOVT THANKS MASOOM SHARMA FOR HELPING COUNT UNEDUCATED INDIANS BY LOOKING AT HIS AUDIENCE""",fake,CONTRADICTED,query_images\hmx-0340.png,https://indianexpress.com/article/entertainment/music/who-is-masoom-sharma-haryanvi-singer-banned-government-reaction-9890558,evdoc-164d1a583525738b,True,True,True,https://indianexpress.com/article/entertainment/music/who-is-masoom-sharma-haryanvi-singer-banned-government-reaction-9890558,article_like,True,dev,dev,train,train,train
hmx-0341,1125,"""NARENDRA MODI ne BANRAKAS aur uski wife ko Panchayat election jeetne par congratulate kiya.""","""NARENDRA MODI CONGRATULATES BANRAKAS AND HIS WIFE ON WINNING PANCHAYAT ELECTION""",fake,CONTRADICTED,query_images\hmx-0341.png,https://www.pib.gov.in/PressReleasePage.aspx?PRID=1840882,evdoc-5b90f692f889033e,True,False,False,https://www.pib.gov.in/PressReleasePage.aspx?PRID=1840882,article_like,True,test,train,train,train,train
hmx-0342,1126,"""2 GENERAL student ko hospital mein bharti hona pada, jab unhone dekha ki 12 OBC ladkiyon ne NEET mein unke GENERAL cutoff se zyada score kiya.""","""2 GENERAL STUDENT GOT HOSPITALIZED AFTER SEEING 12 OBC GIRLS SCORED MORE THAN THEIR GENERAL CUTOFF IN NEET""",fake,CONTRADICTED,query_images\hmx-0342.png,https://timesofindia.indiatimes.com/india/no-perfect-scores-in-neet-ug-25-cutoffs-dip-rajasthan-boy-is-air-1/articleshow/121855518.cms,evdoc-5cfd9a6f223b5685,True,True,True,https://timesofindia.indiatimes.com/india/no-perfect-scores-in-neet-ug-25-cutoffs-dip-rajasthan-boy-is-air-1/articleshow/121855518.cms,article_like,True,test,train,train,train,train
hmx-0343,1127,"""BIHAR mein VOTING APP crash ho gaya, jab voters ne ₹2500 UPI karne ki koshish ki MLA seat khareedne ke liye.""","""VOTING APP CRASHED IN BIHAR AFTER VOTERS ATTEMPT TO UPI ₹2500 TO BUY MLA SEAT."" ""AB HOGA BADE LEVEL PE SC@M""",fake,CONTRADICTED,query_images\hmx-0343.png,https://www.thehindu.com/opinion/editorial/careful-curation-on-bihars-special-intensive-revision-of-electoral-rolls/article69769101.ece,evdoc-5c4dc2b5eb1e85c9,True,True,True,https://www.thehindu.com/opinion/editorial/careful-curation-on-bihars-special-intensive-revision-of-electoral-rolls/article69769101.ece,article_like,True,test,train,dev,dev,retired_prior
hmx-0345,1129,"""SAMAY RAINA ko SUPREME COURT ne summon kiya BALRAJ SINGH ko ORRY ke saath cheat karne ke liye.""","""SAMAY RAINA SUMMONED BY SUPREME COURT FOR CHEATING ON BALRAJ SINGH WITH ORRY""",fake,CONTRADICTED,query_images\hmx-0345.png,https://m.economictimes.com/news/india/supreme-court-summons-samay-raina-others-over-alleged-mockery-of-disabled-may-set-social-media-norms/articleshow/120903665.cms,evdoc-ceb85c2b5dd4f4cb,True,True,True,https://m.economictimes.com/news/india/supreme-court-summons-samay-raina-others-over-alleged-mockery-of-disabled-may-set-social-media-norms/articleshow/120903665.cms,article_like,True,train,train,train,train,test
hmx-0346,1130,"""PM MODI aur AQUAMAN ne haath milaye INDUS water ko PAKISTAN mein jaane se rokne ke liye.""","""PM MODI AND AQUAMAN JOIN HANDS TO BLOCK INDUS WATER FROM ENTERING PAKISTAN""",fake,CONTRADICTED,query_images\hmx-0346.png,https://www.aljazeera.com/features/2025/7/9/can-india-stop-pakistans-river-water-and-will-it-spark-a-new,evdoc-929a18420e7c03cb,True,True,True,https://www.aljazeera.com/features/2025/7/9/can-india-stop-pakistans-river-water-and-will-it-spark-a-new,article_like,True,train,train,dev,dev,retired_prior
hmx-0347,1131,"""PM MODI ne reportedly PAK ARMY CHIEF ko apne ghar invite kiya BMW ka flat tire theek karne ke liye.""","""PM MODI REPORTEDLY INVITES PAK ARMY CHIEF TO HIS RESIDENCE TO FIX BMW'S FLAT TIRE"" ""FINALLY GIVING ASIM BHAI A CORRECT JOB!!""",fake,CONTRADICTED,query_images\hmx-0347.png,https://www.ndtv.com/india-news/bjp-demands-congress-apologise-over-fake-news-on-pak-army-chief-8677101,evdoc-c74d182ab13e2a75,True,True,True,https://www.ndtv.com/india-news/bjp-demands-congress-apologise-over-fake-news-on-pak-army-chief-8677101,article_like,True,train,train,train,train,dev
hmx-0356,1720,"Indian Coast Guard ne bachaya din: Arabian Sea mein doobti Liberian ship se sabhi crew members ko bachaya gaya. Tez Indian response ne ek badi samudrik durghatna se bachaya, ab salvage aur chemical cleanup shuru ho gaya hai.",The Indian Coast Guard saved the day: all crew members were rescued from a sinking Liberian ship in the Arabian Sea. A quick Indian response prevented a major maritime disaster; salvage and chemical cleanup has begun.,real,SUPPORTED,query_images\hmx-0356.png,https://www.indiatoday.in/india/story/indian-coast-guard-rescue-operation-liberian-container-ship-msc-elsa-3-arabian-sea-2730011-2025-05-24,evdoc-b650a31d776daa3e,True,True,True,https://www.indiatoday.in/india/story/indian-coast-guard-rescue-operation-liberian-container-ship-msc-elsa-3-arabian-sea-2730011-2025-05-24,article_like,True,train,train,train,train,test
hmx-0357,1721,"Duniya sirf medal dekhti hai, subah 4 baje ke alarms nahi.” PV Sindhu ne convocation speech mein apne life ke kuch important lessons share kiye. Olympic champion ne apni kai mushkilein batayi aur FLAME University ke saath apna personal connection bhi yaad kiya.","The world only sees medals, not 4 AM alarms.” In a convocation speech, PV Sindhu shared important life lessons and recalled her personal connection with FLAME University.",real,SUPPORTED,query_images\hmx-0357.png,https://www.flame.edu.in/in-the-media/the-world-sees-the-medal-pv-sindhu-on-her-olympic-career,evdoc-6147329c105c245c,True,False,False,https://www.flame.edu.in/in-the-media/the-world-sees-the-medal-pv-sindhu-on-her-olympic-career,article_like,True,test,train,train,train,train
hmx-0358,1722,"Elon Musk ab aur kareeb hai Starlink India mein ₹850/month ke price pe launch karne ke. Final approval abhi bhi pending hai, 30 security norms ke clearance ke baad hi milega. India ne Starlink ki approval ko data localisation, indigenous gateways, aur NavIC integration se jod diya hai.","Elon Musk is now closer to launching Starlink in India at ₹850/month. Final approval is still pending and will only be granted after clearance of 30 security norms, including data localisation, indigenous gateways, and NavIC integration.",real,SUPPORTED,query_images\hmx-0358.png,https://timesofindia.indiatimes.com/india/musks-starlink-clears-final-hurdle-for-india-launch-gets-satellite-authorisation-from-in-space/articleshow/122346551.cms,evdoc-a8461c7e9e55b7fc,True,True,True,https://timesofindia.indiatimes.com/india/musks-starlink-clears-final-hurdle-for-india-launch-gets-satellite-authorisation-from-in-space/articleshow/122346551.cms,article_like,True,train,dev,train,train,train
hmx-0359,1723,Telangana sarkar ne Allu Arjun ko pehla Gaddar Best Actor Award diya Pushpa 2 ke liye. Usne director Sukumar ka shukriya ada kiya aur ye award apne fans ko social media par dedicate kiya.,Telangana government awarded Allu Arjun the first “Gaddar Best Actor Award” for Pushpa 2. He thanked director Sukumar and dedicated the award to fans on social media,real,SUPPORTED,query_images\hmx-0359.png,https://timesofindia.indiatimes.com/entertainment/telugu/movies/news/allu-arjun-bags-best-actor-at-gaddar-awards-thanks-sukumar-and-dedicates-win-to-fans/articleshow/121503959.cms,evdoc-eb21871dc386edda,True,True,True,https://timesofindia.indiatimes.com/entertainment/telugu/movies/news/allu-arjun-bags-best-actor-at-gaddar-awards-thanks-sukumar-and-dedicates-win-to-fans/articleshow/121503959.cms,article_like,True,train,test,train,train,train
hmx-0360,1724,"Brazilian engineer se bane vedic guru Jonas Masetti ne Padma Shri award lene ke liye nange pair chalke gaya President Murmu ke paas. Unhe Vedic culture ko global banane ka credit diya jaata hai, aur pichhle 7 saalon mein unhone 1.5 lakh se zyada students ko padhaaya hai.","Jonas Masetti, a Brazilian engineer turned Vedic guru, walked barefoot to receive his Padma Shri award from President Murmu. He is credited with popularizing Vedic culture globally and has taught over 150,000 students in the past 7 years.",real,SUPPORTED,query_images\hmx-0360.png,https://www.hindustantimes.com/trending/who-is-jonas-masetti-brazilian-vedic-teacher-walked-barefoot-to-receive-padma-shri-101748506769291.html,evdoc-aa5a574d70926c19,True,True,True,https://www.hindustantimes.com/trending/who-is-jonas-masetti-brazilian-vedic-teacher-walked-barefoot-to-receive-padma-shri-101748506769291.html,article_like,True,train,test,train,test,retired_prior
hmx-0361,1725,"Goa, Mizoram ke baad dusra rajya bana jisme ULLAS scheme ke under 100% literacy achieve ki gayi. Ye success sarkar aur volunteers ke efforts se, Goa ke sabhi 12 talukas mein possible hua. Is achievement ko Goa ke 39th Statehood Day par announce kiya gaya.",Goa became the second state after Mizoram to achieve 100% literacy under the ULLAS scheme. This milestone was reached across all 12 talukas and announced on Goa’s 39th Statehood Day.,real,SUPPORTED,query_images\hmx-0361.png,https://swarajyamag.com/news-brief/goa-becomes-second-state-after-mizoram-to-achieve-full-functional-literacy,evdoc-acee967637e5181c,True,True,True,https://swarajyamag.com/news-brief/goa-becomes-second-state-after-mizoram-to-achieve-full-functional-literacy,article_like,True,train,train,dev,dev,retired_prior
hmx-0362,1726,"Sarkar ne Operation Sindoor par ek Essay Contest announce kiya hai. Top 3 winners ko ₹10,000 milenge aur Top 200 students ko Lal Qila (Red Fort) par Independence Day celebrations attend karne ka mauka milega. Contest 1 June se 30 June tak chalega. 500–600 words ki entry MyGov portal par Hindi ya English mein submit karni hogi.","The government announced an essay contest on Operation Sindoor. Top 3 winners will receive ₹10,000 and Top 200 students will attend Independence Day celebrations at Red Fort. Submissions must be 500–600 words in Hindi or English via the MyGov portal from June 1 to June 30.",real,SUPPORTED,query_images\hmx-0362.png,https://timesofindia.indiatimes.com/india/essay-contest-on-operation-sindoor-top-3-winners-to-get-rs-10000-invitation-to-attend-independence-day/articleshow/121547339.cms,evdoc-be3f3bb9e7b3627c,True,True,True,https://timesofindia.indiatimes.com/india/essay-contest-on-operation-sindoor-top-3-winners-to-get-rs-10000-invitation-to-attend-independence-day/articleshow/121547339.cms,article_like,True,train,train,test,retired_v5_test,retired_prior
hmx-0364,1735,"SBI ne Supreme Court se request ki hai ki electoral bond data share karne ki deadline badha di jaye, unhone kaha ki OTP receive nahi hua. Fauxy, 05/03/2024 Badi khabar aa rahi hai Supreme Court se jahan State Bank of India ne ek application file ki hai.","SBI asked Supreme Court to extend the electoral bond data deadline, citing OTP failure.",real,SUPPORTED,query_images\hmx-0364.png,https://www.thehindu.com/news/national/electoral-bonds-supreme-court-hears-sbis-plea-seeking-extension-to-disclose-details/article67938086.ece,evdoc-6657f9be1e91ed97,True,True,True,https://www.thehindu.com/news/national/electoral-bonds-supreme-court-hears-sbis-plea-seeking-extension-to-disclose-details/article67938086.ece,article_like,True,test,train,train,train,test
hmx-0366,1741,"BJP supporters naraz ho gaye Modi ke is bayan se ki unhone kabhi Hindu-Muslim nahi kiya aur kabhi karenge bhi nahi. Tuesday ko, BJP ke wafadar supporters bilkul shock aur despair mein chale gaye jab PM Modi ne kaha ki woh kabhi...","BJP supporters upset over Modi’s remark that he never did Hindu-Muslim and will never do. On Tuesday, loyal supporters of BJP were left in utter shock and despair when PM Modi stated that he will never...",real,SUPPORTED,query_images\hmx-0366.png,https://www.ndtv.com/india-news/never-said-hindu-or-muslim-pm-narendra-modi-on-those-who-have-more-children-remark-5666246,evdoc-40587fc6935f0251,True,True,True,https://www.ndtv.com/india-news/never-said-hindu-or-muslim-pm-narendra-modi-on-those-who-have-more-children-remark-5666246,article_like,True,dev,train,train,train,train
hmx-0367,1742,"Congress ne Delimitation ki demand ki, aur Commission se kaha ki seats kam karo kyunki ab unke paas itne neta bache hi nahi hain. Badi khabar aa rahi hai us state se jahan per capita sabse zyada neta hain – New Delhi se...","Congress demands Delimitation, asks Commission to reduce seats as it doesn’t have enough leaders left anymore. Big news is coming from the state with the highest number of politicians per capita in the world, New Delhi...",real,SUPPORTED,query_images\hmx-0367.png,https://www.thehindu.com/news/national/what-are-the-issues-around-delimitation-explained/article69291494.ece,evdoc-e29d748bf2a5e811,True,True,True,https://www.thehindu.com/news/national/what-are-the-issues-around-delimitation-explained/article69291494.ece,article_like,True,train,test,train,train,train
hmx-0369,1744,"INDI Alliance toot gaya kyunki party ke leaders decide hi nahi kar paaye ki Modi kis se sabse zyada darta hai. Badi khabar Delhi se aa rahi hai, jahan INDI Alliance reportedly toot gaya hai, kyunki leaders...","INDI Alliance breaks as party leaders fail to reach consensus on whom Modi fears most. Big news is coming in from Delhi, where the INDI Alliance has reportedly fractured after its leaders...",real,SUPPORTED,query_images\hmx-0369.png,https://www.aljazeera.com/news/2024/3/22/dead-democracy-will-arvind-kejriwals-arrest-unite-indias-opposition,evdoc-583947d1fdbcc106,True,True,True,https://www.aljazeera.com/news/2024/3/22/dead-democracy-will-arvind-kejriwals-arrest-unite-indias-opposition,article_like,True,test,train,train,train,test
hmx-0370,1745,"Mamata Banerjee ne High Court ke orders maanane se inkaar kar diya, aur High Court par Bangladesh ke logon ko bhadkaane ka ilzaam lagaya. Bengal mein, Mamata Banerjee ne woh High Court order nahi maana jismein saare OBC certificates cancel kiye gaye...","Mamata Banerjee refuses to obey High court orders, accuses High court of provoking the locals of ‘Bangladesh’. In Bengal, Mamata Banerjee has refused to obey the High Court order, which cancelled all OBC certificates...",real,SUPPORTED,query_images\hmx-0370.png,https://timesofindia.indiatimes.com/city/kolkata/mamata-banerjee-refuses-to-accept-calcutta-high-courts-verdict-on-obc-categorizations/articleshow/110345813.cms,evdoc-8b82186e4a0abc60,True,True,True,https://timesofindia.indiatimes.com/city/kolkata/mamata-banerjee-refuses-to-accept-calcutta-high-courts-verdict-on-obc-categorizations/articleshow/110345813.cms,article_like,True,train,test,train,train,dev
hmx-0371,1746,LG Vinai Saxena ne alleged Delhi Fasting Scam mein CBI jaanch ka order diya. Badi khabar aa rahi hai Delhi se jahan LG Vinai Saxena ne CBI probe order kiya hai...,LG Vinai Saxena orders CBI probe in alleged Delhi Fasting Scam. Big news is coming from Delhi where Delhi LG Vinai Saxena has ordered CBI probe...,real,SUPPORTED,query_images\hmx-0371.png,https://www.indiatoday.in/india/story/aap-demands-cbi-inquiry-delhi-lg-vk-saxena-scam-demonetisation-khadi-1994670-2022-08-31,evdoc-92956ff0ce0de79d,True,True,True,https://www.indiatoday.in/india/story/aap-demands-cbi-inquiry-delhi-lg-vk-saxena-scam-demonetisation-khadi-1994670-2022-08-31,article_like,True,train,train,train,test,retired_prior
hmx-0372,1747,"Jaish-e-Mohammed ka aatankwadi jisne India ko Balkanisation ki dhamki di thi, Pakistan mein rahasya mein tareeke se mara hua paya gaya. Maulana Abdul Aziz Pakistan base terrorist group Jaish-e-Mohammed ka senior commander tha.",Jaish-e-Mohammed terrorist who threatened India with Balkanisation mysteriously found dead in Pakistan Maulana Abdul Aziz was a senior commander of the Pakistan-based terrorist group Jaish-e-Mohammed.,real,SUPPORTED,query_images\hmx-0372.png,https://www.republicworld.com/world-news/jem-terrorist-maulana-abdul-aziz-who-threatened-india-with-balkanisation-found-dead-in-pakistan,evdoc-761548be4882c476,True,True,True,https://www.republicworld.com/world-news/jem-terrorist-maulana-abdul-aziz-who-threatened-india-with-balkanisation-found-dead-in-pakistan,article_like,True,test,train,dev,dev,retired_prior
hmx-0373,1748,"Maharashtra ke school students ko Basic Military Training milegi: State sarkar ne ek bold kadam uthaya. Training mein physical exercises, basic drills, aur rashtriya seva, civic duty, aur discipline ke lessons cover honge.","School students in Maharashtra to receive Basic Military Training: State govt takes a bold step Training will cover physical exercises, basic drills and lessons in national service, civic duty, and discipline.",real,SUPPORTED,query_images\hmx-0373.png,https://www.hindustantimes.com/india-news/basic-military-training-to-be-given-to-students-from-class-1-in-maharashtra-minister-101748880440176.html,evdoc-5b46c10fc1c6e487,True,True,True,https://www.hindustantimes.com/india-news/basic-military-training-to-be-given-to-students-from-class-1-in-maharashtra-minister-101748880440176.html,article_like,True,test,train,train,test,retired_prior
hmx-0374,1749,"Ayodhya visit ke ek din baad, Elon Musk ke pitaji Errol Musk ne Delhi ke ISKCON Temple mein pooja ki. Unhone kaha “yeh ek extraordinary experience tha... Bharatiya log pyaar aur daya se bhare hue hain, shayad duniya ke sabse ache log.”","A day after visiting Ayodhya, Elon Musk’s father Errol Musk offers prayers at ISKCON Temple in Delhi He said “it is an extraordinary experience...Indians are full of love kindness, probably the best people you can meet.”",real,SUPPORTED,query_images\hmx-0374.png,https://www.hindustantimes.com/india-news/elon-musks-father-errol-musk-visits-ram-temple-in-ayodhya-one-of-the-best-things-ive-ever-done-101749061639799.html,evdoc-d0d057871d722f42,True,True,True,https://www.hindustantimes.com/india-news/elon-musks-father-errol-musk-visits-ram-temple-in-ayodhya-one-of-the-best-things-ive-ever-done-101749061639799.html,article_like,True,train,train,test,retired_v5_test,retired_prior
hmx-0375,1750,"PM Modi ne J&K mein Chenab Rail Bridge ka udghatan kiya, duniya ka sabse uncha single-arch railway bridge. Vande Bharat Express ko flag off kiya, jo ki India ke railway infrastructure ke liye ek historic milestone hai.","PM Modi inaugurates Chenab Rail Bridge in J&K, Highest single-arch railway bridge in the world. Flagged off the Vande Bharat Express, marking a historic milestone in India’s railway infrastructure.",real,SUPPORTED,query_images\hmx-0375.png,https://timesofindia.indiatimes.com/life-style/travel/news/jk-pm-narendra-modi-inaugurates-worlds-highest-railway-arch-today-chenab-bridge-in-8-points/articleshow/121667318.cms,evdoc-0e20cd4dc4760bd0,True,True,True,https://timesofindia.indiatimes.com/life-style/travel/news/jk-pm-narendra-modi-inaugurates-worlds-highest-railway-arch-today-chenab-bridge-in-8-points/articleshow/121667318.cms,article_like,True,dev,train,train,train,train
hmx-0376,1751,"M.S. Dhoni aur saat anya log ICC Hall of Fame 2025 mein shamil, Dhoni 11th Indian cricketer bane jise induct kiya gaya. Ek khaas ceremony ‘A Day with the Legends’ ke dauraan paanch purush aur do mahilaayein induct ki gayi.","M.S. Dhoni among seven others inducted into ICC’s Hall of Fame 2025, 11th Indian cricketer to get inducted. Five men and two women were inducted during a special ceremony titled 'A Day with the Legends'.",real,SUPPORTED,query_images\hmx-0376.png,https://www.thehindu.com/sport/cricket/ms-dhoni-among-seven-others-inducted-into-iccs-hall-of-fame/article69676188.ece,evdoc-014f279a246e7a29,True,True,True,https://www.thehindu.com/sport/cricket/ms-dhoni-among-seven-others-inducted-into-iccs-hall-of-fame/article69676188.ece,article_like,True,dev,train,train,train,train
hmx-0377,1752,"10 saal ke Genius Engineering ke baad, Bhopal ne ek Rail Overbridge unveil kiya jisme 90° ka sharp turn hai aur safety nightmare hai. Public ke liye 15 June 2025 tak khula jaayega, lekin signage, lighting, aur speed breakers jaise basic safety cheezein abhi bhi missing hain.","After 10 years of Genius Engineering, Bhopal unveils Rail Overbridge with a sharp 90° turn and safety nightmare. Set to open by June 15, 2025 for Public, safety basics like signage, lighting, and speed breakers still missing.",real,SUPPORTED,query_images\hmx-0377.png,https://www.indiatoday.in/cities/bhopal/story/bhopal-railway-overbridge-sharp-turn-flawed-design-sparks-row-madhya-pradesh-2739574-2025-06-12,evdoc-3c3d243e56487a5d,True,True,True,https://www.indiatoday.in/cities/bhopal/story/bhopal-railway-overbridge-sharp-turn-flawed-design-sparks-row-madhya-pradesh-2739574-2025-06-12,article_like,True,dev,dev,train,train,dev
hmx-0378,1754,"Vishwash Kumar Ramesh, Seat 11A, Ahmedabad Plane Crash ka eklauta survivor hai, authorities ne confirm kiya. Boeing ki Seat 11A ko Europe mein aksar sabse bekar seat mana gaya hai flightradar24 ke mutabiq.","Vishwash Kumar Ramesh, Seat 11A is the lone survivor from the Ahmedabad Plane Crash, confirmed by Authorities Seat 11A on a Boeing is often voted the most hated seat in Europe as per flightradar24",real,SUPPORTED,query_images\hmx-0378.png,https://edition.cnn.com/2025/06/12/india/air-india-crash-survivor-vishwash-kumar-ramesh-intl-latam,evdoc-b96f0470014e73d8,True,True,True,https://edition.cnn.com/2025/06/12/india/air-india-crash-survivor-vishwash-kumar-ramesh-intl-latam,article_like,True,dev,train,train,test,retired_prior
hmx-0379,1755,"Thailand ke Phuket se Air India ki flight Phuket se wapas laut aayi jab lavatory mein bomb threat note mila. AI-379 jisme 156 log the, 9:30 AM par Phuket se Delhi ke liye udi thi, lekin 20 minute baad hi wapas divert kar di gayi.",Air India flight from Thailand’s Phuket returns back to Phuket after a bomb threat note found in lavatory. AI-379 with 156 onboard took off from Phuket at 9:30 AM for Delhi was diverted back just 20 mins into the journey.,real,SUPPORTED,query_images\hmx-0379.png,https://www.hindustantimes.com/india-news/day-after-ahmedabad-plane-crash-air-india-flight-makes-emergency-landing-in-thailand-101749793825371.html,evdoc-1b3a9fd202a2590d,True,True,True,https://www.hindustantimes.com/india-news/day-after-ahmedabad-plane-crash-air-india-flight-makes-emergency-landing-in-thailand-101749793825371.html,article_like,True,dev,train,dev,dev,retired_prior
hmx-0381,1757,"""Port bilkul safe hai aur business normal chal raha hai,"" Adani CFO ne kaha Haifa, Israel mein Iranian missile attack ke afvaahon ke beech. Haifa ka port Israel ka sabse bada aur busiest international seaport hai, jise Adani group chala raha hai.","""Port is safe & business is usual"" clarifies Adani CFO amid rumours of Iranian missile strikes in Haifa, Israel. Port of Haifa is Israel's largest and busiest international seaport operated by the Adani group.",real,SUPPORTED,query_images\hmx-0381.png,https://timesofindia.indiatimes.com/business/international-business/adanis-haifa-port-unaffected-by-iranian-missile-strikes-operations-normal-sources/articleshow/121867952.cms,evdoc-d03d53c61590ecae,True,True,True,https://timesofindia.indiatimes.com/business/international-business/adanis-haifa-port-unaffected-by-iranian-missile-strikes-operations-normal-sources/articleshow/121867952.cms,article_like,True,train,train,train,train,train
hmx-0382,1758,"Andaman mein India ek badi oil khoj ke kareeb hai, jisme lagbhag 11 billion barrels crude oil ke reserve mile hain. Isse India ka GDP $3.7 trillion se badhkar $20 trillion tak ho sakta hai aur duniya mein energy diplomacy mein apna asar badha sakta hai.","India on the brink of major oil discovery in the Andaman, with reserves estimated at 11 billion barrels of crude. This could boost India’s GDP from $3.7T to $20T over time and elevate its global influence in energy diplomacy.",real,SUPPORTED,query_images\hmx-0382.png,https://www.india.com/news/india/india-oil-reserves-andaman-india-hits-massive-jackpot-may-become-super-rich-gdp-will-increase-5-times-the-treasure-is-crude-oil-tension-for-us-china-due-to-crude-oil-prices-7942483,evdoc-123fe17e1b846740,True,True,True,https://www.india.com/news/india/india-oil-reserves-andaman-india-hits-massive-jackpot-may-become-super-rich-gdp-will-increase-5-times-the-treasure-is-crude-oil-tension-for-us-china-due-to-crude-oil-prices-7942483,article_like,True,dev,dev,dev,dev,retired_prior
hmx-0383,1759,"""India ko Kashmir par kisi mediation ki zarurat nahi hai"": PM Modi ne 35 minute ki Trump se baat mein baat saaf kar di. Trump ne Modi ko G7 ke baad US aane ka invite diya, lekin PM ne apne pehle se scheduled kaam ka hawala dete hue mana kar diya.","""India doesn't need mediation on Kashmir"": PM Modi sets the record straight on a 35 min call with Trump. Trump extended an invitation to Modi to visit US post-G7, PM had to decline citing prior engagements.",real,SUPPORTED,query_images\hmx-0383.png,https://timesofindia.indiatimes.com/india/india-will-never-accept-pm-modi-sets-record-straight-on-mediation-discusses-operation-sindoor-terrorism-with-trump/articleshow/121922971.cms,evdoc-28f478eea25ad314,True,True,True,https://timesofindia.indiatimes.com/india/india-will-never-accept-pm-modi-sets-record-straight-on-mediation-discusses-operation-sindoor-terrorism-with-trump/articleshow/121922971.cms,article_like,True,dev,train,train,train,train
hmx-0384,1760,"Banks ab seedha airport lounge operators ke saath tie-up karenge, bina kisi beechwale ya poor service ke. Pichhle saal DreamFolks, jiska 90% market share hai, ne ek technical glitch ki wajah se 34 airports ke 49 lounges ka access band kar diya tha.","Banks to directly partner with airport lounge operators bypassing mediators and sloppy service. Last year DreamFolks with 90% market share shut access to 49 lounges at 34 airports, due to technical glitch.",real,SUPPORTED,query_images\hmx-0384.png,https://www.ndtvprofit.com/business/dreamfolks-row-why-icici-axis-banks-card-look-to-exit-airport-lounge-access-aggregator,evdoc-238a3fd52e693881,True,True,True,https://www.ndtvprofit.com/business/dreamfolks-row-why-icici-axis-banks-card-look-to-exit-airport-lounge-access-aggregator,article_like,True,dev,train,train,train,dev
hmx-0385,1761,Kailash Mansarovar Yatra 5 saal baad Sikkim se dobara shuru hui; Chinese officials ne pehle batch ka officially swagat kiya. COVID ke baad yeh yatra dobara shuru hone se India-China ke behtar sambandhon aur Sikkim ke spiritual tourism ko boost milta hai.,"Kailash Mansarovar Yatra resumes in Sikkim after 5 years; Chinese officials formally welcome the first batch. After a COVID pause, the yatra’s return signals warmer India-China ties and lifts Sikkim’s spiritual tourism.",real,SUPPORTED,query_images\hmx-0385.png,https://timesofindia.indiatimes.com/india/after-5-years-kailash-mansarovar-yatra-to-resume-in-june-this-year/articleshow/120646524.cms,evdoc-656d22d87fb05fb0,True,True,True,https://timesofindia.indiatimes.com/india/after-5-years-kailash-mansarovar-yatra-to-resume-in-june-this-year/articleshow/120646524.cms,article_like,True,test,test,dev,dev,retired_prior
hmx-0406,1846,"Modi un logon ke khilaaf hai jo Bharat ke khilaaf hain, aur opposition Modi ke khilaaf hai. Samajh jao baat ko. Bihar mein kai log PM ka gala kaatne aur haath kaatne ko tayaar hain, Rabri Devi kehti hain.","Many people are ready to cut PM Modi’s throat, chop his hand: Rabri Devi responds to BJP Bihar chief comments",real,SUPPORTED,query_images\hmx-0406.png,https://www.financialexpress.com/india-news/there-are-many-in-bihar-ready-to-slit-pm-modis-throat-and-chop-his-hand-rabri-devi/942850,evdoc-e7a88b649eca04dd,True,True,True,https://www.financialexpress.com/india-news/there-are-many-in-bihar-ready-to-slit-pm-modis-throat-and-chop-his-hand-rabri-devi/942850,article_like,True,train,dev,train,train,train
hmx-0407,1847,"""Poora scripted hoga"": Nikhil Kamath ne ek raaz bhare podcast guest ko tease kiya, fans ko lagta hai woh PM Modi hain.","Poora scripted hoga': Nikhil Kamath teases mysterious podcast guest, fans guess it’s PM Modi",real,SUPPORTED,query_images\hmx-0407.png,https://www.indiatimes.com/entertainment/celebs/watch-viral-video-nikhil-kamath-teases-mysterious-podcast-guest-fans-guess-its-pm-modi-650118.html,evdoc-29bf224487aaba37,True,True,True,https://www.indiatimes.com/entertainment/celebs/watch-viral-video-nikhil-kamath-teases-mysterious-podcast-guest-fans-guess-its-pm-modi-650118.html,article_like,True,dev,test,train,train,train
hmx-0408,1849,PM ke Sunday wale rally se pehle Andhra mein Anti-Modi posters dikhne lage Modi Dubara Kabhi Nahi #NoMoreModi #ModiIsAMistake,Anti-Modi posters emerge ahead of PM's rally in Andhra tomorrow,real,SUPPORTED,query_images\hmx-0408.png,https://www.aninews.in/news/national/politics/anti-modi-posters-emerge-ahead-of-pms-rally-in-andhra-tomorrow20190209173055,evdoc-29cee6e48e6e7324,True,False,False,https://www.aninews.in/news/national/politics/anti-modi-posters-emerge-ahead-of-pms-rally-in-andhra-tomorrow20190209173055,article_like,True,dev,train,test,retired_v5_test,retired_prior
hmx-0409,1850,"On PM’s suggestion, plane’s black boxes were flown to domestic lab","Air India plane crash: Black box data downloaded, information likely in 10 days",fake,CONTRADICTED,query_images\hmx-0409.png,https://timesofindia.indiatimes.com/india/air-india-plane-crash-black-box-data-downloaded-information-likely-in-10-days/articleshow/122100077.cms,evdoc-cbe9f7e24e952f48,True,True,True,https://timesofindia.indiatimes.com/india/air-india-plane-crash-black-box-data-downloaded-information-likely-in-10-days/articleshow/122100077.cms,article_like,True,train,dev,dev,dev,retired_prior
hmx-0410,1851,Nvidia ke CEO Jensen Huang ne confirm kiya hai ki US government ke approval ke baad NVIDIA China mein AI chips ki sales phir se shuru karegi. CEO ne global level par lead karne ke liye US technology ko bhi back kiya... Aur dekhein,"Jensen Huang wants US to lead AI development, confirms Nvidia chip sales resuming in China",real,SUPPORTED,query_images\hmx-0410.png,https://www.indiatimes.com/trending/jensen-huang-wants-us-to-lead-ai-development-confirms-nvidia-chip-sales-resuming-in-china/articleshow/122786888.html,evdoc-88996484a08cc249,True,True,True,https://www.indiatimes.com/trending/jensen-huang-wants-us-to-lead-ai-development-confirms-nvidia-chip-sales-resuming-in-china/articleshow/122786888.html,article_like,True,test,train,train,train,train
hmx-0411,1852,"Saalon ki speculation ke baad, Tesla ka showroom finally aaj (15 July, 2025) Mumbai ke BKC mein khulne jaa raha hai. Reports ke mutabik, Model Y pehli car ho sakti hai... Aur dekhein","India's first Tesla showroom opens today in Mumbai's BKC: Model Y likely to be debut car; check price details, features and more",real,SUPPORTED,query_images\hmx-0411.png,https://www.indiatimes.com/trending/indias-first-tesla-showroom-opens-today-in-mumbais-bkc-model-y-likely-to-be-first-car-check-price-details-features-and-more-663852.html,evdoc-7c6b33a403bb6229,True,True,True,https://www.indiatimes.com/trending/indias-first-tesla-showroom-opens-today-in-mumbais-bkc-model-y-likely-to-be-first-car-check-price-details-features-and-more-663852.html,article_like,True,test,train,train,train,dev
hmx-0412,1853,Arrey sorry Pakistan se compare karna tha IITian Baba Mahakumbh mein J-36: China ke naye fighter jet ka review,"IITian Baba at Mahakumbh: He studied aerospace engineering at IIT Bombay, then turned to spirituality J-36: Assessing China’s New Generation Combat Aircraft",real,SUPPORTED,query_images\hmx-0412.png,https://www.hindustantimes.com/trending/iitian-baba-at-mahakumbh-meet-the-man-who-left-science-for-spirituality-101736821678264.html,evdoc-5ce591ec715189c0,True,True,True,https://www.hindustantimes.com/trending/iitian-baba-at-mahakumbh-meet-the-man-who-left-science-for-spirituality-101736821678264.html,article_like,True,test,train,test,retired_v5_test,retired_prior
hmx-0413,1854,"Bangladesh ke log ‘Jai Shri Ram’ bolke entry maang rahe hain, BSF ne wapas bhej diya...","Bangladeshis chant 'Jai Shri Ram' for entry as BSF sends back 1,000 from West Bengal border",real,SUPPORTED,query_images\hmx-0413.png,https://www.deccanherald.com/india/west-bengal/bangladeshis-chant-jai-shri-ram-for-entry-as-bsf-sends-back-1000-from-west-bengal-border-3144971,evdoc-ff7baffd4abb45ed,True,True,True,https://www.deccanherald.com/india/west-bengal/bangladeshis-chant-jai-shri-ram-for-entry-as-bsf-sends-back-1000-from-west-bengal-border-3144971,article_like,True,train,dev,train,test,retired_prior
hmx-0414,1855,"India ab duniya ka sabse zyada population wala desh ban gaya hai — 1.42 billion logon ke saath, China ko peeche chhoda","India Overtakes China, Is Most Populous Nation With 142.86 Crore People",real,SUPPORTED,query_images\hmx-0414.png,https://www.ndtv.com/india-news/india-overtakes-china-to-become-worlds-most-populous-nation-with-142-86-crore-people-says-un-news-agency-pti-3960838,evdoc-bbea74cc3f35e52d,True,True,True,https://www.ndtv.com/india-news/india-overtakes-china-to-become-worlds-most-populous-nation-with-142-86-crore-people-says-un-news-agency-pti-3960838,article_like,True,train,train,train,train,dev
hmx-0416,1860,"Ab usse dhakka mukki karoge to wo to pel hi dega na. Marshal art @RahulGandhi ne sirf photo khinchane ke liye thodi na seekha hai, #Raga_ne_pel_diya",What are Jiu-Jitsu and Aikido practiced by Rahul Gandhi,real,SUPPORTED,query_images\hmx-0416.png,https://timesofindia.indiatimes.com/etimes/trending/what-are-jiu-jitsu-and-aikido-practiced-by-rahul-gandhi/articleshow/112903775.cms,evdoc-34ab33593eab26a5,True,True,True,https://timesofindia.indiatimes.com/etimes/trending/what-are-jiu-jitsu-and-aikido-practiced-by-rahul-gandhi/articleshow/112903775.cms,article_like,True,dev,train,train,train,train
hmx-0417,1861,Budget Session: #RahulGandhi chutti par gaye. Mera #cartoon #WhereIsRahulGandhi #RahulOnLeave,"Cartoons: Rahul Gandhi marks his presence by being absent, again",real,SUPPORTED,query_images\hmx-0417.png,https://scroll.in/article/709163/cartoons-rahul-gandhi-marks-his-presence-by-being-absent-again,evdoc-1d5464e3b157f907,True,False,False,https://scroll.in/article/709163/cartoons-rahul-gandhi-marks-his-presence-by-being-absent-again,article_like,True,dev,train,train,test,retired_prior
hmx-0418,1862,Bharat Sarkaar Manipur Bharat Sarkaar Israel,Perception war,real,SUPPORTED,query_images\hmx-0418.png,https://www.telegraphindia.com/opinion/perception-war-israel-not-manipur-dominates-the-indian-media/cid/1974945,evdoc-7010ded77898490e,True,True,True,https://www.telegraphindia.com/opinion/perception-war-israel-not-manipur-dominates-the-indian-media/cid/1974945,article_like,True,test,dev,dev,dev,retired_prior
hmx-0419,1863,Delhi pollution ke scenes: Ghar se nikalte hi kuch door chalte hi,Fixing Delhi’s air quality crisis,real,SUPPORTED,query_images\hmx-0419.png,https://www.thehindu.com/opinion/op-ed/fixing-delhis-air-quality-crisis/article69842942.ece,evdoc-7682859035dcf5d4,True,True,True,https://www.thehindu.com/opinion/op-ed/fixing-delhis-air-quality-crisis/article69842942.ece,article_like,True,test,train,test,retired_v5_test,retired_prior
hmx-0420,1865,"Vishwas Kumar, seat number 11A, iss dukhad plane crash mein akele bachne wale.",A miracle in seat 11A: What we know about the sole survivor of Air India crash Vishwash Kumar Ramesh,real,SUPPORTED,query_images\hmx-0420.png,https://edition.cnn.com/2025/06/12/india/air-india-crash-survivor-vishwash-kumar-ramesh-intl-latam,evdoc-b96f0470014e73d8,True,True,True,https://edition.cnn.com/2025/06/12/india/air-india-crash-survivor-vishwash-kumar-ramesh-intl-latam,article_like,True,dev,train,train,test,retired_prior
hmx-0421,1866,"BREAKING: London jaa rahi Air India ki flight, jisme 242 yaatri sawaar the, Ahmedabad mein crash ho gayi hai. Sawaar sabhi logon ke liye prarthna.","Ahmedabad Plane Crash Highlights: DNA Samples Of 19 Victims Matched, Toll Reaches 274",real,SUPPORTED,query_images\hmx-0421.png,https://www.ndtv.com/india-news/ahmedabad-plane-crash-live-updates-air-india-major-plane-crash-dreamliner-787-in-residential-area-emergency-services-rush-to-spot-flight-crash-vijay-r-8649245,evdoc-a004daf2dd19302f,True,True,True,https://www.ndtv.com/india-news/ahmedabad-plane-crash-live-updates-air-india-major-plane-crash-dreamliner-787-in-residential-area-emergency-services-rush-to-spot-flight-crash-vijay-r-8649245,article_like,True,train,train,test,retired_v5_test,retired_prior
hmx-0422,1868,Chinnaswamy ke baahar stampede jaisa haal hai.,The incident happened as a massive crowd gathered outside the stadium for RCB's IPL victory celebrations.,real,SUPPORTED,query_images\hmx-0422.png,https://economictimes.indiatimes.com/news/india/bengalurus-chinnaswamy-stadium-declared-unsafe-for-big-events-womens-wc-2025-ipl-2026-other-matches-in-doubt/articleshow/122917341.cms,evdoc-fbbced3114c8d36d,True,True,True,https://economictimes.indiatimes.com/news/india/bengalurus-chinnaswamy-stadium-declared-unsafe-for-big-events-womens-wc-2025-ipl-2026-other-matches-in-doubt/articleshow/122917341.cms,article_like,True,train,train,train,train,test
hmx-0429,1913,"Rishi Sunak ne apni career Goldman Sachs se start ki thi, UK ke PM rahe, aur ab wapas Goldman Sachs as Senior Adviser join kar rahe hain—ek loyal employee hai!","Rishi Sunak indeed returned to Goldman Sachs as a senior adviser, completing a full-circle move in his professional journey.",real,SUPPORTED,query_images\hmx-0429.png,https://www.aljazeera.com/economy/2025/7/8/former-uk-pm-rishi-sunak-joins-goldman-sachs-as-senior-adviser,evdoc-a06b87b7a1522300,True,True,True,https://www.aljazeera.com/economy/2025/7/8/former-uk-pm-rishi-sunak-joins-goldman-sachs-as-senior-adviser,article_like,True,train,test,dev,dev,retired_prior
hmx-0430,1920,"""Maza aa raha hai"" / ""Mera juice kahan gaya"" / ""Kya baat hai""",Mocks Narayana Murthy's reaction to Karnataka's 12-hour workday proposal for IT employees,real,SUPPORTED,query_images\hmx-0430.png,https://www.business-standard.com/india-news/karnataka-it-12-hour-work-shift-labour-unions-narayan-murthy-125061900635_1.html,evdoc-31cbe1bf4ca90f22,True,True,True,https://www.business-standard.com/india-news/karnataka-it-12-hour-work-shift-labour-unions-narayan-murthy-125061900635_1.html,article_like,True,dev,train,train,train,test
hmx-0431,1930,Cheeni aur daal ke ret ab naye tambaaku! Kya isme badlegi hamare khane ki aadat?,Claims sugar and lentils will now have tobacco warnings like cigarettes,fake,CONTRADICTED,query_images\hmx-0431.png,https://www.indialaw.in/blog/civil/health-warnings-tobacco-packaging-rules,evdoc-9c3cf02f6c62f966,True,True,True,https://www.indialaw.in/blog/civil/health-warnings-tobacco-packaging-rules,article_like,True,train,train,train,train,dev
hmx-0432,1952,"Kal halwa banane ke baad, Nirmala ab ek aur itihaasik budget pesh karne ke liye taiyaar hai – saare hathiyaar le kar. Middle class, taiyaar ho jao bhunne ke liye!","Finance Minister Nirmala Sitharaman ko apne ""auzaron"" ke saath budget pesh karne ke liye taiyar dikhaya gaya hai. Ismein ""Middle class, get ready to be roasted!"" likha hai, jiska matlab hai ki budget mein aam aadmi par bojh badhne wala hai.",real,SUPPORTED,query_images\hmx-0432.png,https://www.telegraphindia.com/gallery/union-budget-2025-countdown-begins-online-with-memes-and-roasts-of-nirmala-sitharaman-photogallery/cid/2079873,evdoc-abc2995132b57994,True,True,True,https://www.telegraphindia.com/gallery/union-budget-2025-countdown-begins-online-with-memes-and-roasts-of-nirmala-sitharaman-photogallery/cid/2079873,article_like,True,train,train,train,test,retired_prior
hmx-0433,1953,"Cool Modi – ""Mera meme bana rahe ho? Most welcome bhai ! Fool Didi – ""Mera meme banaya? Jail jaoge tum !","PM Modi ko ""Cool"" bataya gaya hai jo apne meme banane ki anumati dete hain, jabki Mamata Banerjee (Didi) ko ""Fool"" kaha gaya hai jo apne meme banane par jail bhejne ki dhamki deti hain",real,SUPPORTED,query_images\hmx-0433.png,https://www.ibtimes.co.in/bail-bjp-leader-aarrested-mamata-banerjee-meme-twitter-calls-out-bengal-cm-intolerance-797677,evdoc-70542b882726e90f,True,True,True,https://www.ibtimes.co.in/bail-bjp-leader-aarrested-mamata-banerjee-meme-twitter-calls-out-bengal-cm-intolerance-797677,article_like,True,test,dev,train,train,train
hmx-0436,1956,Burj Khalifa ke upar Garba! 🕺💃 Indian tourists ne phir kar diya kamaal... ya bawaal?,"Indian tourists par hai jinhone Burj Khalifa par garba kiya, jiske kaaran unki aalochana hui. Log isey ""embarrassing"" aur ""civic sense ki kami"" bata rahe hain.",real,SUPPORTED,query_images\hmx-0436.png,https://indianexpress.com/article/trending/trending-globally/indian-tourists-perform-garba-atop-burj-khalifa-viral-video-sparks-outrage-10071502,evdoc-a0bb000261ddf97c,True,True,True,https://indianexpress.com/article/trending/trending-globally/indian-tourists-perform-garba-atop-burj-khalifa-viral-video-sparks-outrage-10071502,article_like,True,train,test,train,train,train
hmx-0439,1959,Haa Insta ke 14e kya bol rha tha Reddit losers ke liye hai Sachin Tendulkar bana Reddit ka ambassador,"Ek taraf likha hai ""REDDIT IS FOR LOSERS,"" aur doosri taraf Sachin Tendulkar ko Reddit ka ambassador banaye jaane ki khabar hai. Iska matlab hai ki agar Sachin jaisa mahan vyakti isse judta hai, to yeh ""losers"" ke liye kaise ho sakta hai.",real,SUPPORTED,query_images\hmx-0439.png,https://redditinc.com/blog/cricket-legend-sachin-tendulkar-named-brand-ambassador-for-reddit,evdoc-ab5d355b039610c8,True,True,True,https://redditinc.com/blog/cricket-legend-sachin-tendulkar-named-brand-ambassador-for-reddit,article_like,True,train,train,train,train,test
hmx-0443,1963,Saans leta hu toh ek Plane Crash jata hai,"Kedarnath mein hue helicopter crash ki khabar se shuru hota hai jisme 7 logon ki maut ho gayi. Iske neeche likha hai, ""Saans leta hu toh ek Plane Crash jata hai,"" jo baar-baar hone wali durghatnaon par ek kaala mazak hai",real,SUPPORTED,query_images\hmx-0443.png,https://www.etnownews.com/news/kedarnath-helicopter-crash-chopper-crashes-near-gaurikund-all-seven-on-board-killed-article-151961013,evdoc-e1cb0c8bdd2c8ed3,True,True,True,https://www.etnownews.com/news/kedarnath-helicopter-crash-chopper-crashes-near-gaurikund-all-seven-on-board-killed-article-151961013,article_like,True,train,train,train,train,dev
hmx-0453,2061,"Adani ki companiyon ne NDTV mein 29.18% bade stakes 'indirectly' khareed liye hain, aur ₹492.8 crore ka open offer cash mein launch kiya hai. Adani ke media wing ne yeh offer SEBI ke niyam-kanoon ke anusaar launch kiya hai","The image claims that Adani Group companies have indirectly acquired a 29.18% stake in NDTV. It also states that an open offer worth ₹492.8 crore has been launched in cash, in compliance with SEBI, by Adani's media arm.",real,SUPPORTED,query_images\hmx-0453.png,https://tamil.economictimes.com/news/business/committed-to-completing-ndtv-open-offer-announces-adani-group/articleshow/94975167.cms,evdoc-00ec09c572960ac3,True,True,True,https://tamil.economictimes.com/news/business/committed-to-completing-ndtv-open-offer-announces-adani-group/articleshow/94975167.cms,article_like,True,dev,train,train,train,dev
hmx-0454,2110,"“Islam duniya ka sabse tezi se badhne wala dharm hai, pichle 10 saalon mein 347 million se badha. Hindu chauthe number par hain.”",Islam grew by 347M over last decade; Hindus 4th,real,SUPPORTED,query_images\hmx-0454.png,https://indianexpress.com/article/technology/tech-news-technology/bsnl-best-prepaid-plans-under-rs-200-best-offers-sim-at-home-10087536,evdoc-61b12658b39934e3,True,True,True,https://indianexpress.com/article/technology/tech-news-technology/bsnl-best-prepaid-plans-under-rs-200-best-offers-sim-at-home-10087536,article_like,True,test,train,test,retired_v5_test,retired_prior
hmx-0455,2111,"“BSNL ne ₹199 mein 30 din ka plan launch kiya – 1.5 GB/day data, 100 SMS/day, unlimited calls.”","BSNL ₹199 plan: 1.5 GB/day, 100 SMS, unlimited calls",real,SUPPORTED,query_images\hmx-0455.png,https://www.pib.gov.in/PressNoteDetails.aspx?ModuleId=3&NoteId=154912,evdoc-2377b540d84a547e,True,False,False,https://www.pib.gov.in/PressNoteDetails.aspx?ModuleId=3&NoteId=154912,article_like,True,dev,dev,train,train,dev
hmx-0456,2112,“Duniya ke 50% real‑time digital transactions India mein hoti hain.”,50% of world’s real-time digital transactions in India,real,SUPPORTED,query_images\hmx-0456.png,https://www.pewresearch.org/short-reads/2025/06/10/islam-was-the-worlds-fastest-growing-religion-from-2010-to-2020,evdoc-2166eabad4d7a25c,True,True,True,https://www.pewresearch.org/short-reads/2025/06/10/islam-was-the-worlds-fastest-growing-religion-from-2010-to-2020,article_like,True,dev,test,train,train,train
hmx-0457,2114,“(Qur’an 98:6) …‘They are the worst of all beings.’”,Quran 98:6 “worst of all beings” taken as blanket statement,fake,CONTRADICTED,query_images\hmx-0457.png,https://zeenews.india.com/india/railways-spend-rs-12000-crore-a-year-to-clean-gutkha-stains-come-up-with-new-plan-2401668.html,evdoc-f8a6e3342e0a7f3c,True,True,True,https://zeenews.india.com/india/railways-spend-rs-12000-crore-a-year-to-clean-gutkha-stains-come-up-with-new-plan-2401668.html,article_like,True,train,train,train,train,train
hmx-0458,2115,"“Railways har saal gutkha ke daag saaf karne mein ₹12,000 crore kharch karta hai, stations pe spitter kiosks lagayega.”",Railways spending ₹12k cr annually on gutkha cleaning + spittoon kiosks,real,SUPPORTED,query_images\hmx-0458.png,https://m.economictimes.com/news/defence/brazil-keen-on-defence-collaboration-with-india-interested-in-akash-air-defence-system-garuda-artillery-guns-mea/articleshow/122163801.cms,evdoc-a3cd12212d86fd3f,True,True,True,https://m.economictimes.com/news/defence/brazil-keen-on-defence-collaboration-with-india-interested-in-akash-air-defence-system-garuda-artillery-guns-mea/articleshow/122163801.cms,article_like,True,train,train,test,retired_v5_test,retired_prior
hmx-0459,2118,“Bangladesh ki street Eid ke baad khoon bhare paani se bhari hui hai.”,“Bangladesh street filled with blood water after Eid-al-Adha”,fake,CONTRADICTED,query_images\hmx-0459.png,https://www.opindia.com/2025/07/rajasthan-hindu-groups-protest-against-permission-granted-for-tajiya-procession-in-asi-protected-kumbhalgarh-fort,evdoc-6427eb49e4033649,True,True,True,https://www.opindia.com/2025/07/rajasthan-hindu-groups-protest-against-permission-granted-for-tajiya-procession-in-asi-protected-kumbhalgarh-fort,article_like,True,test,train,train,train,train
hmx-0460,2120,“Pakistani YouTube channels ab Indian government ne ban hata diya”,Pakistani YouTube channels ban lifted,fake,CONTRADICTED,query_images\hmx-0460.png,https://www.financialexpress.com/business/industry-india-cant-afford-a-duopoly-says-jyotiraditya-scindia-as-relief-for-vodafone-idea-remains-under-review-3892038,evdoc-b2fe345d1236c52c,True,True,True,https://www.financialexpress.com/business/industry-india-cant-afford-a-duopoly-says-jyotiraditya-scindia-as-relief-for-vodafone-idea-remains-under-review-3892038,article_like,True,train,train,test,retired_v5_test,retired_prior
hmx-0461,2121,"“India‑US trade talks hit a stalemate over agriculture, dairy, aur GM crops”","India–US trade talks hit a stalemate over agri, dairy, GM crops",real,SUPPORTED,query_images\hmx-0461.png,https://www.moneycontrol.com/news/business/india-s-telecom-sector-can-t-afford-a-duopoly-competition-is-a-must-telecom-minister-13168290.html,evdoc-a693d1fac22ced99,True,True,True,https://www.moneycontrol.com/news/business/india-s-telecom-sector-can-t-afford-a-duopoly-competition-is-a-must-telecom-minister-13168290.html,article_like,True,train,train,test,retired_v5_test,retired_prior
hmx-0463,2152,Kahin Coldplay ka Concert lag raha tha bhai,"Bro, it felt like a Coldplay concert was happening somewhere.",fake,CONTRADICTED,query_images\hmx-0463.png,https://ndtv.in/web-series/now-you-can-enjoy-coldplay-sitting-at-home-live-concert-will-be-seen-on-disney-hotstar-7518565,evdoc-0aa4768a5c39440a,True,True,True,https://ndtv.in/web-series/now-you-can-enjoy-coldplay-sitting-at-home-live-concert-will-be-seen-on-disney-hotstar-7518565,article_like,True,dev,train,train,train,dev
hmx-0464,2154,Vishal Mega Mart mein guard lag gaya hu bhai,"Bro, I've become a guard at Vishal Mega Mart.",fake,CONTRADICTED,query_images\hmx-0464.png,https://www.indiatvnews.com/trending/news/not-ias-or-doctor-security-guard-job-at-vishal-mega-mart-becomes-viral-dream-job-sparks-meme-fest-2025-05-19-990908,evdoc-e6ba497b8af12abf,True,True,True,https://www.indiatvnews.com/trending/news/not-ias-or-doctor-security-guard-job-at-vishal-mega-mart-becomes-viral-dream-job-sparks-meme-fest-2025-05-19-990908,article_like,True,train,train,test,retired_v5_test,retired_prior
hmx-0465,2155,"Students bol rahe hain NEET exam dubara Kannada mein ho, taki paper leak na ho bhai",Students are saying the NEET exam should be re-held in Kannada so the paper doesn’t get leaked.,fake,CONTRADICTED,query_images\hmx-0465.png,https://telugu.hindustantimes.com/web-stories/neet-ug-2024-re-exam-date-grace-marks-all-you-need-to-know-121718338911562.html,evdoc-ade662f61bebc939,True,True,True,https://telugu.hindustantimes.com/web-stories/neet-ug-2024-re-exam-date-grace-marks-all-you-need-to-know-121718338911562.html,article_like,True,train,train,test,retired_v5_test,retired_prior
hmx-0466,2156,Canada-based gangster Goldy Brar Bigg Boss OTT Season 3 mein aane waale hai.,Canada-based gangster Goldy Brar is going to appear in Bigg Boss OTT Season 3.,fake,CONTRADICTED,query_images\hmx-0466.png,https://hiddendoctrine.wordpress.com/false-history,evdoc-20b1209e8372c823,True,True,True,https://hiddendoctrine.wordpress.com/false-history,article_like,True,dev,train,train,train,train
hmx-0467,2157,"Rohit Sharma bola, 'Hum jeetne khel hi nahi rahe the aaj… Humko to bas 19 Nov ka badla lena tha.","Rohit Sharma said, ""We weren’t even playing to win today… we just wanted revenge for 19th Nov.""",real,SUPPORTED,query_images\hmx-0467.png,https://sports.ndtv.com/cricket/they-ruined-november-19-rohit-sharma-on-team-indias-mindset-while-playing-australia-8775792,evdoc-fb5be683d99dbeb8,True,True,True,https://sports.ndtv.com/cricket/they-ruined-november-19-rohit-sharma-on-team-indias-mindset-while-playing-australia-8775792,article_like,True,train,train,test,retired_v5_test,retired_prior
hmx-0468,2158,AIMIM chief Owaisi ne Lok Sabha MP ke roop mein shapath lete hue ‘…Jai Allu Arjun’ kaha.,"AIMIM chief Owaisi took oath as Lok Sabha MP and said, ‘…Jai Allu Arjun’.",fake,CONTRADICTED,query_images\hmx-0468.png,https://economictimes.indiatimes.com/news/india/bareilly-court-issues-notice-to-asaduddin-owaisi-for-raising-jai-palestine-slogan-during-oath-taking-as-mp/articleshow/116616370.cms?from=mdr,evdoc-58f01a12dc53026c,True,True,True,https://economictimes.indiatimes.com/news/india/bareilly-court-issues-notice-to-asaduddin-owaisi-for-raising-jai-palestine-slogan-during-oath-taking-as-mp/articleshow/116616370.cms?from=mdr,article_like,True,test,train,train,train,train
hmx-0471,2162,BBC ne bola – Gujarat mein GT vs CSK match mein jo baarish hui uske zimmedar Modi Ji hain!,BBC said – Modi Ji is responsible for the rain during the GT vs CSK match in Gujarat!,fake,CONTRADICTED,query_images\hmx-0471.png,https://www.bbc.com/hindi/sport-65738359,evdoc-9ad3886d18492604,True,True,True,https://www.bbc.com/hindi/sport-65738359,article_like,True,train,train,dev,dev,retired_prior
hmx-0472,2163,Badshah ne proposal diya aur Dua Lipa ne accept kar liya! Unhone announce kiya apne first baby ka naam hoga: ‘Bad-Dua’.,Badshah proposed and Dua Lipa accepted! They announced their first baby will be named: ‘Bad-Dua’.,fake,CONTRADICTED,query_images\hmx-0472.png,https://www.thehindu.com/entertainment/movies/badshah-sparks-outrage-after-saying-he-wants-to-make-babies-with-dua-lipa/article69670870.ece,evdoc-3e26cd84507e14fa,True,True,True,https://www.thehindu.com/entertainment/movies/badshah-sparks-outrage-after-saying-he-wants-to-make-babies-with-dua-lipa/article69670870.ece,article_like,True,dev,train,train,train,dev
hmx-0473,2166,Modi ji ne BBC pe valentine bheja hai – Income Tax Dept ne Delhi aur Mumbai mein BBC offices ka ‘survey’ kiya,Modi ji sent a valentine to the BBC – the Income Tax Dept did a ‘survey’ of BBC offices in Delhi and Mumbai.,real,SUPPORTED,query_images\hmx-0473.png,https://www.hindustantimes.com/india-news/it-department-surveying-bbc-office-in-delhi-say-officials-101676360222188.html,evdoc-747b5d4b45e59739,True,True,True,https://www.hindustantimes.com/india-news/it-department-surveying-bbc-office-in-delhi-say-officials-101676360222188.html,article_like,True,test,train,dev,dev,retired_prior
hmx-0474,2522,India jeetne k Khushi pe Ganesh Aarti hi laga diPakistan walo k samne bajai gayi Ganesh aarti India won by 6 wickets meenakshikanu: India jeetne ki khushi pe Ganesh Aarti,A post claims Ganesh Aarti was played in celebration of India’s cricket win against Pakistan.,real,SUPPORTED,query_images\hmx-0474.png,https://www.indiatoday.in/fact-check/story/fact-check-ganesha-song-india-pakistan-match-champions-trophy-dubai-2685486-2025-02-25,evdoc-4b42fa930ca469f6,True,True,True,https://www.indiatoday.in/fact-check/story/fact-check-ganesha-song-india-pakistan-match-champions-trophy-dubai-2685486-2025-02-25,article_like,True,test,train,train,train,train
hmx-0477,2547,"aj Somvaar ke din hue nahi na utsav ka mahaul hai!! Hum sab jaante hain kyun Gyanvapi garbhgrih ke khudai wali jagah Shivling mila hai, do jagah seal honge – Varanasi Court.","claims that celebrations erupted because a Shivling was found during excavation at Gyanvapi, and Varanasi court ordered sealing",real,SUPPORTED,query_images\hmx-0477.png,https://timesofindia.indiatimes.com/city/lucknow/gyanvapi-masjid-case-news-live-updates-shivling-found-court-orders-to-seal-premises-sc-hearing-tomorrow/liveblog/91586021.cms,evdoc-4cf9d8660be05a19,True,True,True,https://timesofindia.indiatimes.com/city/lucknow/gyanvapi-masjid-case-news-live-updates-shivling-found-court-orders-to-seal-premises-sc-hearing-tomorrow/liveblog/91586021.cms,article_like,True,test,train,test,retired_v5_test,retired_prior
hmx-0478,2548,ShivSena aur NCP ke beech haathaapai aur maarpeet,"The post misleadingly claims there was a physical fight between ShivSena and NCP leaders in Navi Mumbai,",real,SUPPORTED,query_images\hmx-0478.png,https://en.wikipedia.org/wiki/2023_Nationalist_Congress_Party_split,evdoc-307517834bde65ad,True,False,False,https://en.wikipedia.org/wiki/2023_Nationalist_Congress_Party_split,article_like,True,dev,train,test,retired_v5_test,retired_prior
hmx-0482,2597,Nicole Kidman ko Will Smith ke Chris Rock ko thappad maarne par di gayi best reaction ke liye Oscar milna chahiye. #Oscars,A viral post joked that Nicole Kidman should win an Oscar for her reaction to Will Smith slapping Chris Rock at the Oscars.,fake,CONTRADICTED,query_images\hmx-0482.png,https://www.hellomagazine.com/film/20220330136734/nicole-kidman-reaction-will-smith-slap-chris-rock-photo-viral-truth,evdoc-a2e1c42db3f1258d,True,True,True,https://www.hellomagazine.com/film/20220330136734/nicole-kidman-reaction-will-smith-slap-chris-rock-photo-viral-truth,article_like,True,train,train,train,test,retired_prior
hmx-0483,2598,"Ek Hindu yuva ko Goripalya, Bengaluru mein kattarpanthi Islamists ne bhrutally maar diya,sirf isliye kyunki usne Urdu mein bolne se mana kiya aur Kannada mein baat ki.Ek aur din, ek aur haadsa. Ek Hindu ladke Chandra ko Goripalya, Bangalore mein issliye maar diya gaya kyunki usne Urdu bolne se mana kiya aur apni maa-bhasha Kannada mein baat ki. Yeh area se bhara hua hai.Aur India ne ek aur ko kho diya, lekin baaki sab chup hain. Media ko kya ho gaya?","A viral post falsely claimed that a Hindu youth named Chandra was murdered by radical Islamists in Goripalya, Bengaluru, because he refused to speak in Urdu and instead spoke in Kannada.",fake,CONTRADICTED,query_images\hmx-0483.png,https://www.boomlive.in/fact-check/politics/fake-news-bengaluru-road-rage-case-youth-stabbed-to-death-karnataka-police-communal-spin-factcheck-17445,evdoc-122eff3b2bbb1d4a,True,True,True,https://www.boomlive.in/fact-check/politics/fake-news-bengaluru-road-rage-case-youth-stabbed-to-death-karnataka-police-communal-spin-factcheck-17445,article_like,True,dev,train,train,train,train
hmx-0484,2599,Bharat mein inko dar lagta hai...#DelhiRiots2022 #HindusUnderAttackInIndia#Jahangirpuri #HinduLivesMatters,"A viral post claimed that Hindus were under attack during the 2022 Delhi riots, showing an image of a policeman seemingly being attacked by Muslims.",fake,CONTRADICTED,query_images\hmx-0484.png,https://www.boomlive.in/fact-check/politics/viral-photograph-police-personnel-attacked-delhi-communal-clashes-old-image-uttar-pradesh-17576,evdoc-408c6c062b0d7a4c,True,True,True,https://www.boomlive.in/fact-check/politics/viral-photograph-police-personnel-attacked-delhi-communal-clashes-old-image-uttar-pradesh-17576,article_like,True,test,dev,train,train,dev
hmx-0486,2601,"Nandi ka lamba intezaar – Kashi Vishwanath Mandir, Nandi hamesha apna mukh Shivling ki taraf rakhta hai,lekin Kashi Vishwanath ka Nandi Gyanvapi masjid ki taraf dekh raha hai, jo asli Vishwanath mandir tha.Musalman Masjid mein Namaz padhte hain jabki Nandi darwaze ki taraf dekhta rehta hai, apne Swami ke aane ka intezaar karta hai.Hamara Bhagwan wahan hai, humein bula raha hai.","The viral post says that:Nandi usually faces the Shivling.At Kashi Vishwanath, Nandi faces the Gyanvapi mosque, implying the Shivling is inside the mosque.It emotionally claims that Nandi is waiting for his master (Shivling) to return, suggesting that the mosque occupies the original temple site.",fake,CONTRADICTED,query_images\hmx-0486.png,https://www.indiatoday.in/fact-check/story/nandi-statue-maharashtra-temple-falsely-shared-from-varanasi-gyanvapi-masjid-row-1950275-2022-05-16,evdoc-179001715b095709,True,True,True,https://www.indiatoday.in/fact-check/story/nandi-statue-maharashtra-temple-falsely-shared-from-varanasi-gyanvapi-masjid-row-1950275-2022-05-16,article_like,True,dev,train,train,train,train
hmx-0494,2739,Samundar mein Bhagwan Ram ka rasta/Samundar mein Bhagwan Shiv ka manch/Masood mein Ram Setu ka johddar saakshya,“underwater discoveries” of ancient Indian temples like the Ram Setu or a Shiva shrine.,fake,CONTRADICTED,query_images\hmx-0494.png,https://factly.in/the-viral-video-showing-scuba-divers-exploring-the-remnants-of-ram-sethu-is-ai-generated,evdoc-11a87c99baefa7d2,True,True,True,https://factly.in/the-viral-video-showing-scuba-divers-exploring-the-remnants-of-ram-sethu-is-ai-generated,article_like,True,dev,train,test,retired_v5_test,retired_prior
hmx-0495,2740,Pashchim Bengal ke Murshidabad mein Muslim topi pehne Bihar ke do Hindu yuvak pakde gaye,"two Hindu youths from Bihar caught in Muslim attire in Murshidabad, West Bengal",fake,CONTRADICTED,query_images\hmx-0495.png,https://www.boomlive.in/fact-check/fake-news-bihar-hindu-men-disguised-muslims-skull-caps-old-visuals-falsely-linked-murshidabad-violence-28331,evdoc-960bc25232c1064d,True,True,True,https://www.boomlive.in/fact-check/fake-news-bihar-hindu-men-disguised-muslims-skull-caps-old-visuals-falsely-linked-murshidabad-violence-28331,article_like,True,train,train,train,train,dev
hmx-0496,2741,"Kaisa hai josh Kaisa hai josh Jashn IN IN…"" Jashn IN IN…""","Sofiya Qureshi with the text claiming she said: “I am a Muslim, but not a terrorist; terrorism has no religion.”",fake,CONTRADICTED,query_images\hmx-0496.png,https://factly.in/the-viral-video-of-indian-army-colonel-sofia-qureshi-stating-that-she-is-a-muslim-but-not-a-terrorist-and-terrorism-has-no-religion-is-deepfake,evdoc-afc412f587a09fd7,True,True,True,https://factly.in/the-viral-video-of-indian-army-colonel-sofia-qureshi-stating-that-she-is-a-muslim-but-not-a-terrorist-and-terrorism-has-no-religion-is-deepfake,article_like,True,train,train,train,test,retired_prior
hmx-0497,2742,ahamadaabaad kee ghatana mein poorv mukhyamantree vijay roopaanee kee dukhad mrtyu ho gaee.,Former Chief Minister Vijay Rupani tragically lost his life in the Ahmedabad incident.,fake,CONTRADICTED,query_images\hmx-0497.png,https://www.boomlive.in/fact-check/fake-news-viral-photo-last-vijay-rupani-air-india-flight-ai171-28792,evdoc-ae64370f65b5f393,True,True,True,https://www.boomlive.in/fact-check/fake-news-viral-photo-last-vijay-rupani-air-india-flight-ai171-28792,article_like,True,train,train,train,train,test
hmx-0498,2743,Pehli baar duniya ki paanch badi intelligence agencies ek high-level meeting ke liye Dilli mein baithi hain,First time ever that the top five intelligence agency of the world are sitting together for a high level meeting in Delhi.,fake,CONTRADICTED,query_images\hmx-0498.png,https://www.boomlive.in/fact-check/politics/fake-news-viral-photo-top-five-intelligence-agency-high-level-meeting-in-delhi-raw-mossad-cia-kgb-mi6-nsa-factcheck-14796,evdoc-39128dfac66c595f,True,True,True,https://www.boomlive.in/fact-check/politics/fake-news-viral-photo-top-five-intelligence-agency-high-level-meeting-in-delhi-raw-mossad-cia-kgb-mi6-nsa-factcheck-14796,article_like,True,dev,train,test,retired_v5_test,retired_prior
hmx-0499,2744,Khud me wo badlav laye jo aap duniya me dekhna chahte ho,"Delhi Government released a Gandhi Jayanti ad with Arvind Kejriwal’s big picture and the quote, replacing Mahatma Gandhi.",fake,CONTRADICTED,query_images\hmx-0499.png,https://www.vishvasnews.com/viral/fact-check-a-viral-picture-of-an-advertisement-having-delhi-cm-arvind-kejriwals-picture-along-with-mahatma-gandhi-is-fake-and-altered,evdoc-0f10932dd1e50ee0,True,True,True,https://www.vishvasnews.com/viral/fact-check-a-viral-picture-of-an-advertisement-having-delhi-cm-arvind-kejriwals-picture-along-with-mahatma-gandhi-is-fake-and-altered,article_like,True,dev,train,dev,dev,retired_prior
hmx-0500,2745,"Mujhe Bangladesh mein Hinduo aur Bauddho ka hatyaari silsila bahut dukh deta hai… agar Hindus aur Buddhists surakshit rehna chahte hain, toh unhe ya toh Islam apna lena chahiye ya India chale jaana chahiye",Khaleda Zia said that Hindus and Buddhists in Bangladesh must convert to Islam or move to India if they want to live safely—used to justify the CAA.,fake,CONTRADICTED,query_images\hmx-0500.png,https://www.boomlive.in/fact-check/politics/former-bangladesh-prime-minister-khaleda-zia-quote-on-hindu-muslim-india-false-revived-15163,evdoc-2eb2354f47046f91,True,True,True,https://www.boomlive.in/fact-check/politics/former-bangladesh-prime-minister-khaleda-zia-quote-on-hindu-muslim-india-false-revived-15163,article_like,True,dev,train,train,train,dev
hmx-0501,2746,"Puja ke baad Muslim logon ne Murshidabad mein Hindu parivaron par hamla kiya, aur sadkein jala di",Muslim mobs attacked Hindu families and burned streets in Murshidabad right after a religious ceremony.,fake,CONTRADICTED,query_images\hmx-0501.png,https://www.boomlive.in/fact-check/photo-collage-bjp-muslims-rioting-hindu-festivals-false-claim-west-bengal-28308,evdoc-8dead375f268c266,True,True,True,https://www.boomlive.in/fact-check/photo-collage-bjp-muslims-rioting-hindu-festivals-false-claim-west-bengal-28308,article_like,True,train,train,train,test,retired_prior
hmx-0502,2747,15 minat mein 100 crore Hinduo ko maarne ki baat karne wale Owaisi ke liye Shah Rukh Khan ne ‘Vote for MIM’ T-shirt pehni,Shah Rukh Khan publicly endorsed AIMIM by wearing a “Vote for MIM” T‑shirt and supported Owaisi’s anti‑Hindu ideology.,fake,CONTRADICTED,query_images\hmx-0502.png,https://www.boomlive.in/fact-check/politics/viral-photo-bollywood-actor-shah-rukh-khan-mim-morphed-image-15588,evdoc-2a706f2876f9c9c3,True,True,True,https://www.boomlive.in/fact-check/politics/viral-photo-bollywood-actor-shah-rukh-khan-mim-morphed-image-15588,article_like,True,dev,train,test,retired_v5_test,retired_prior
hmx-0503,2748,"Main us rajya se hoon jahan pariksha dene wale winter ki poori raat khule aasman ke neeche guzar dete hain, aur subah paper leak aur reschedule ka news milti hai… Yeh bahut hi bekaar hai. 😡 #UPTET",UPTET exam candidates had to spend an entire winter night outdoors and only woke up to news of a leaked paper and rescheduling,fake,CONTRADICTED,query_images\hmx-0503.png,https://newschecker.in/fact-check/photo-of-protest-by-rajasthani-youth-goes-viral-as-uptet-aspirants,evdoc-9aa00286860ceb64,True,True,True,https://newschecker.in/fact-check/photo-of-protest-by-rajasthani-youth-goes-viral-as-uptet-aspirants,article_like,True,train,train,train,train,train
hmx-0504,2749,Odisha mein mandir todne waale Musalmanon ne yeh mandir toda. Lagta hai doosre mandiron ko bhi aise todne ka plan hai,Muslim mobs in Odisha are destroying Hindu temples and are planning to demolish more.,fake,CONTRADICTED,query_images\hmx-0504.png,https://www.indiatoday.in/fact-check/story/fact-check-muslim-shrine-demolished-in-bangladesh-now-viral-as-hindu-temple-2644253-2024-12-03,evdoc-eaca12f4cb08cf59,True,True,True,https://www.indiatoday.in/fact-check/story/fact-check-muslim-shrine-demolished-in-bangladesh-now-viral-as-hindu-temple-2644253-2024-12-03,article_like,True,train,train,test,retired_v5_test,retired_prior
hmx-0506,2751,"Jab Priyanka Gandhi se is maamle par unse stand pucha gaya, toh unhone palat ke dhamki bhara jawab diya",Priyanka Gandhi defended BJP’s revocation of Article 370 and issued threats when questioned about it.,fake,CONTRADICTED,query_images\hmx-0506.png,https://indianexpress.com/article/india/manner-in-which-article-370-scrapped-is-totally-unconstitutional-priyanka-vadra,evdoc-db0c17b178ee96f8,True,True,True,https://indianexpress.com/article/india/manner-in-which-article-370-scrapped-is-totally-unconstitutional-priyanka-vadra,article_like,True,train,dev,train,test,retired_prior
hmx-0512,2757,Pakistan sirf Pakistanion ke liye ek kabristan ban gaya hai.,"Russian President Vladimir Putin called Pakistan a ""cemetery for Pakistanis"" and criticized Pakistani elites for living and investing abroad.",fake,CONTRADICTED,query_images\hmx-0512.png,https://www.boomlive.in/fact-check/fact-check-fake-quote-attributed-to-putin-claims-pakistan-is-a-cemetery-for-pakistanis-17163,evdoc-37f2ad1b2d85d908,True,True,True,https://www.boomlive.in/fact-check/fact-check-fake-quote-attributed-to-putin-claims-pakistan-is-a-cemetery-for-pakistanis-17163,article_like,True,dev,train,dev,dev,retired_prior
hmx-0514,2759,Ramzan mein poore din bhookhe rehne ke baad khaana khane ke liye Muslims shaanti se sabko bulaate hue... ajeeb ibadat ka tareeka hai yeh.,"Muslims were fighting with each other over food after breaking their fast during Ramadan, implying that such behavior is common or culturally rooted.",fake,CONTRADICTED,query_images\hmx-0514.png,https://www.boomlive.in/fact-check/fact-check-old-video-of-men-fighting-shared-with-false-ramzan-context-19477,evdoc-c53bad7497e6b1c0,True,True,True,https://www.boomlive.in/fact-check/fact-check-old-video-of-men-fighting-shared-with-false-ramzan-context-19477,article_like,True,train,train,train,test,retired_prior
hmx-0516,2762,"aur @BJP ke beech farq dekho, Jab TRS ke neta baadh ke sankat mein logon ke saath hain, tab BJP ke neta Goa mein party kar rahe hain aur doston ke saath chill kar rahe hain!","Look at the difference between AAP and BJP — while TRS leaders are helping people during floods, BJP leaders are partying and chilling with friends in Goa!",fake,CONTRADICTED,query_images\hmx-0516.png,https://www.boomlive.in/fact-check/viral-photo-bjp-leaders-enjoying-goa-picture-from-parliament-building-new-delhi-18545,evdoc-9416b238fb45da12,True,True,True,https://www.boomlive.in/fact-check/viral-photo-bjp-leaders-enjoying-goa-picture-from-parliament-building-new-delhi-18545,article_like,True,train,train,train,test,retired_prior
hmx-0517,2763,"Jalandhar mein Lal Singh Chaddha ke khilaaf protest, Aamir Khan ke khilaaf nare","Protest in Jalandhar against Laal Singh Chaddha, slogans raised against Aamir Khan.",fake,CONTRADICTED,query_images\hmx-0517.png,https://www.boomlive.in/fact-check/fact-check-old-photo-of-sikh-group-shared-as-recent-protest-against-lal-singh-chaddha-14781,evdoc-e1aa02e4393c7d80,True,True,True,https://www.boomlive.in/fact-check/fact-check-old-photo-of-sikh-group-shared-as-recent-protest-against-lal-singh-chaddha-14781,article_like,True,train,dev,train,test,retired_prior
hmx-0519,2765,Day 2 Audience Review on #Brahmastra it’s completely waste movie... #FLOP #FlopBrahmastra WORD OF MOUTH is very bad for #BrahmastraMovie Monday movie will die on box office. #Disaster loading #BrahmastraReview #BoycottBrahmastra #Brahmastra_ka_palita,Day 2 audience review of Brahmastra: it’s a complete waste of a movie... #FLOP #Disaster loading #BoycottBrahmastra,fake,CONTRADICTED,query_images\hmx-0519.png,https://www.boomlive.in/fact-check/politics/fake-news-brahmastra-review-old-man-abusing-karan-johar-ranbir-kapoor-alia-bhatt-baar-baar-dekho-old-video-factcheck-19237,evdoc-86f41a64df83c991,True,True,True,https://www.boomlive.in/fact-check/politics/fake-news-brahmastra-review-old-man-abusing-karan-johar-ranbir-kapoor-alia-bhatt-baar-baar-dekho-old-video-factcheck-19237,article_like,True,test,train,train,train,train
hmx-0520,2767,Riyazat' mein hazaron log badi sankhya mein 'AAP' ke road show mein shaamil hue.,"In ‘Riyazat’, thousands of people participated in the AAP roadshow in large numbers.",fake,CONTRADICTED,query_images\hmx-0520.png,https://www.boomlive.in/fact-check/fake-news-aap-road-show-photo-gujarat-election-factcheck-19367,evdoc-c0ebad22802073a9,True,True,True,https://www.boomlive.in/fact-check/fake-news-aap-road-show-photo-gujarat-election-factcheck-19367,article_like,True,train,train,test,retired_v5_test,retired_prior
hmx-0542,2875,Indore lucky hai ki usko #PMCARES se 25 ventilators mile. PM Shri @narendramodi Ji ka shukriya jo patients ki care kar rahe hain aur unko best treatment de rahe hain.,Indore is fortunate to have received 25 ventilators from the PM-CARES fund. Thanks to PM Shri Narendra Modi for ensuring quality care and treatment for patients.,fake,CONTRADICTED,query_images\hmx-0542.png,https://factly.in/the-ventilator-in-this-photo-is-bought-with-pm-cares-funds,evdoc-aa8396a1eebad8d1,True,True,True,https://factly.in/the-ventilator-in-this-photo-is-bought-with-pm-cares-funds,article_like,True,train,train,train,test,retired_prior
hmx-0543,2876,"Aapka COVID-19 infection ka risk kam karne ke liye:STAY HOME, STAY SAFE #stayhome #staysafe Covid Medicine list (Hospital me milti hai):Paracetamol, Betadine for mouthwash and gargle, Vitamin C and D tablets, B Complex, Zincovit capsules for steam, Oximeter (oxygen level check karne ke liye), Oxygen cylinder for emergency use, ORS (rehydration ke liye) Note: Yeh list fake hai – sahi treatment ke liye hamesha doctor se consult karein.","Aapka COVID-19 infection ka risk kam karne ke liye: STAY HOME, STAY SAFE #stayhome #staysafe, Covid Medicine list (Hospital me milti hai):, Paracetamo, Betadine for mouthwash and gargle, Vitamin C and D tablets, B Complex, Zincovit capsules for steam, Oximeter (oxygen level check karne ke liye), Oxygen cylinder for emergency use, ORS (rehydration ke liye) Note: Yeh list fake hai – sahi treatment ke liye hamesha doctor se consult karein.",fake,CONTRADICTED,query_images\hmx-0543.png,https://factcheck.afp.com/busting-coronavirus-myths,evdoc-48d74d05fe33b20b,True,True,True,https://factcheck.afp.com/busting-coronavirus-myths,article_like,True,test,train,train,test,retired_prior
hmx-0544,2877,Phal ki rasm Kerala mein haathi ke marne ke baad ki jaati hai jab unhone patakhe bhare hue phal kha liye...,"The claim falsely suggests that feeding firecracker-filled fruit to elephants is a ritual in Kerala, which is untrue.",fake,CONTRADICTED,query_images\hmx-0544.png,https://factly.in/this-photo-contains-unrelated-images-captured-at-various-places-to-spread-a-false-narrative,evdoc-f3982d317db7843e,True,True,True,https://factly.in/this-photo-contains-unrelated-images-captured-at-various-places-to-spread-a-false-narrative,article_like,True,train,train,dev,dev,retired_prior
hmx-0546,2879,"Yeh photo jisme Pradhan Mantri Modi ji microscope se kuch dekh rahe hain, edit ki gayi hai. Is image ko social media par galat claim ke sath viral kiya gaya tha. BOOM Fact Check ne ise FAKE declare kiya hai",A photo showing Prime Minister Narendra Modi looking into a microscope has been edited and shared on social media with a false claim. BOOM Fact Check has declared the image as FAKE.,fake,CONTRADICTED,query_images\hmx-0546.png,https://www.boomlive.in/fact-check/politics/fact-check-viral-photo-fake-narendra-modi-prime-minister-scientist-lab-court-midjourney-artificial-intelligence-ai-21653,evdoc-b6a27c1253460a99,True,True,True,https://www.boomlive.in/fact-check/politics/fact-check-viral-photo-fake-narendra-modi-prime-minister-scientist-lab-court-midjourney-artificial-intelligence-ai-21653,article_like,True,train,train,dev,dev,retired_prior
hmx-0548,2881,"Rahul Gandhi ne Sawan ke mahine mein non-veg khaya Isiliye log kehte hain ""seasonal Hindu""Hanuman ji | #SawanMahina #MuttonTikka #TandooriBhakto #RameshShetty #Mohanlal #Masavaran #TejashwiYadav #TejRan",rahul gandhi ate non veg in the month of saavan,fake,CONTRADICTED,query_images\hmx-0548.png,https://factly.in/this-video-does-not-show-rahul-gandhi-consuming-non-vegetarian-food-during-the-month-of-sawan,evdoc-2a0394375cf16243,True,True,True,https://factly.in/this-video-does-not-show-rahul-gandhi-consuming-non-vegetarian-food-during-the-month-of-sawan,article_like,True,dev,train,train,train,dev
hmx-0549,2882,"Karan Sangwan ka reply BJP aur Unacademy ko Jo filmon mein desh ke liye goliyan chalayein, Unhe deshbhakt kehte hain. Jo desh ke liye sach bol dein, Unhe gaddar kyun keh dete ho?","This statement is not about factual truth or falsehood in a traditional sense; it's an emotional and political commentary. It highlights a perceived double standard in society or politics glorifying fictional or symbolic patriotism (like in films) while punishing real-life truth-tellers, often labeling them as anti-national or traitors.",real,SUPPORTED,query_images\hmx-0549.png,https://www.thequint.com/news/webqoof/karan-sangwan-unacademy-tutor-response-bjp-viral-video-fact-check,evdoc-d30424bc18aca1a3,True,True,True,https://www.thequint.com/news/webqoof/karan-sangwan-unacademy-tutor-response-bjp-viral-video-fact-check,article_like,True,train,train,train,train,train
hmx-0551,2884,"#ViralVideo | India ke World Cup haarne ke baad, ek viral video dikhata hai Rohit Sharma ki beti Samaira ko, jo apne papa ke baare mein ek hopeful update deti hai. Woh kehti hai ki ""Papa ek room mein hain, mostly recover kar rahe hain, aur main expect karti hoon ki woh ek mahine ke andar firse hansenge.",A video shows Rohit Sharma’s daughter Samaira saying he is recovering emotionally after India's World Cup loss.,fake,CONTRADICTED,query_images\hmx-0551.png,https://www.boomlive.in/fact-check/fact-check-fake-video-rohit-sharma-daughter-samaira-20546,evdoc-9fe37754e1f4fdc7,True,True,True,https://www.boomlive.in/fact-check/fact-check-fake-video-rohit-sharma-daughter-samaira-20546,article_like,True,train,dev,train,train,train
hmx-0553,2887,murkh modi ko rastropati gyaan dena saman nhi ha,A viral video claims PM Narendra Modi insulted President Droupadi Murmu by not showing her respect during a speech.,fake,CONTRADICTED,query_images\hmx-0553.png,https://www.boomlive.in/fact-check/fact-check-fake-video-pm-modi-insult-president-droupadi-murmu-20545,evdoc-8710e96f8f1a32bc,True,True,True,https://www.boomlive.in/fact-check/fact-check-fake-video-pm-modi-insult-president-droupadi-murmu-20545,article_like,True,test,dev,train,train,dev
hmx-0554,2888,"Uttar Pradesh ek Jungle Raj ki taraf badh raha hai. Bas dekho kaise Police bude aadmi ko berahmi se maar rahi hai. Mob lynching, be-gunaah Musalmaanon ke gharon par Bulldozer chalna ab UP mein aam ho gaya hai.",A viral video shows a UP policeman brutally beating an elderly Muslim man as part of communal violence.,fake,CONTRADICTED,query_images\hmx-0554.png,https://www.boomlive.in/fact-check/fact-check-police-mock-drill-video-falsely-shared-as-communal-violence-up-20544,evdoc-50b7f270aee18a39,True,True,True,https://www.boomlive.in/fact-check/fact-check-police-mock-drill-video-falsely-shared-as-communal-violence-up-20544,article_like,True,test,dev,train,train,test
hmx-0555,2890,"Rashtrawad cha asal thekedar ha maaza BJP aahe, 'Pakistan zindabad' chi ghoshna."" @Dev_Fadnavis @BJP4SenaUBT @ShivSenaUBTComm 90",A video falsely claimed to show Hindus being burned alive in Bangladesh.,fake,CONTRADICTED,query_images\hmx-0555.png,https://gujarati.abplive.com/news/world/boom-fact-check-hindus-burnt-alive-bangladesh-false-claim-china-halloween-party-video-921800,evdoc-8cf048f509bdacc1,True,True,True,https://gujarati.abplive.com/news/world/boom-fact-check-hindus-burnt-alive-bangladesh-false-claim-china-halloween-party-video-921800,article_like,True,train,train,train,train,train
hmx-0557,2892,"Al Mujibur Rahman College, Dhaka, Bangladesh. Hindu students are identified and beaten to death."" Hindu chhatron ko pehchaan kar maar diya gaya.","At Mujibur Rahman College, Dhaka, Bangladesh, Hindu students are identified and beaten.",fake,CONTRADICTED,query_images\hmx-0557.png,https://www.boomlive.in/fact-check/students-clash-video-bangladesh-hindu-students-attacked-false-claim-fake-news-27189,evdoc-4507de34a14dfde1,True,True,True,https://www.boomlive.in/fact-check/students-clash-video-bangladesh-hindu-students-attacked-false-claim-fake-news-27189,article_like,True,test,train,train,train,dev
hmx-0560,2895,"Pakistan jald hi ghutno par hoga, yeh ek vaada hai Hind ki ek beti ki taraf se.) Jai Hind Colonel Sofiya Qureshi pehli mahila hain jo Bharat ki sena ke ek multi-national military exercise Force 18 mein ek contingent ki leadership kar rahi hain, jo Commentary Pradayi, India mein ho raha hai.","This meme claims that Col Sofiya Qureshi is the first woman to lead an Indian Army contingent at a multi-national military exercise, and it includes a statement attributed to someone named Naresh Kmp threatening that Pakistan will be on its knees, calling it a promise from a daughter of India. The meme is labeled ""FAKE"" with a stamp, indicating that the information or claim in the meme is false or misleading.",fake,CONTRADICTED,query_images\hmx-0560.png,https://www.indiatoday.in/education-today/gk-current-affairs/story/indian-woman-officer-force-18-311745-2016-03-04,evdoc-7cfd3c9598005c18,True,True,True,https://www.indiatoday.in/education-today/gk-current-affairs/story/indian-woman-officer-force-18-311745-2016-03-04,article_like,True,test,train,train,train,dev
hmx-0597,3064,"Chaar saal ki bacchi se balatkaar krne ki koshish kar raha tha ye dusht vyakti. Ye Dilli Aam Aadmi Party ke vidhayak Dinesh Mohaniya ka social media coordinator Akram Khan hai, yeh to Ishwar ki kripa hui ki logon ne bacchi ko samay rehte bacha liya, arey kitni girti ja rahi hai.",A guy from Aam Aadmi party was trying to rape a girl but wasnt able to.,fake,CONTRADICTED,query_images\hmx-0597.png,https://www.boomlive.in/fact-check/politics/video-of-rape-accused-beaten-by-locals-viral-with-false-communal-claim-14901,evdoc-b7ce44e39f2661dc,True,True,True,https://www.boomlive.in/fact-check/politics/video-of-rape-accused-beaten-by-locals-viral-with-false-communal-claim-14901,article_like,True,train,train,test,retired_v5_test,retired_prior
hmx-0598,3065,"Bijli ki kami dur krne kai liye koila daan dekar dilli Sarkar ki madad kre aapka ek tasla koila poore dilli ka andhera door kar sakta hai vistrit jaankari aur aayodan kai liye edistrict.delhigovt.nic.in par jaye dilli ka bhikari mukhyemantri, madarniye khujlivaal",Aam aadmi party leader asking for coal from people of delhi to fix the light cut issue,fake,CONTRADICTED,query_images\hmx-0598.png,https://hindi.boomlive.in/fact-check/arvind-kejriwal-aam-aadmi-party-coal-donate-advertisement-viral-image-power-crisis-delhi-fake-news-15093,evdoc-fc00bd048f335648,True,True,True,https://hindi.boomlive.in/fact-check/arvind-kejriwal-aam-aadmi-party-coal-donate-advertisement-viral-image-power-crisis-delhi-fake-news-15093,article_like,True,train,dev,train,train,train
hmx-0599,3066,Uttar Pradesh par paardarshita ka lahar chal chuka hai! Maafi ja ar yaaga ja ka shasan dhal chuki hai. Do baar ke vidhayak ko janta gaon mein nahi ghusne de rahi. Share zarur karein,A wave of transparency has started in Uttar Pradesh. The rule of the old regime is over. People are not even allowing a two-time MLA to enter the village.,fake,CONTRADICTED,query_images\hmx-0599.png,https://www.boomlive.in/fact-check/politics/fake-news-uttar-pradesh-mla-bjp-denied-entry-village-votes-video-bihar-jdu-mla-factcheck-15324,evdoc-19b3ab814b34d143,True,True,True,https://www.boomlive.in/fact-check/politics/fake-news-uttar-pradesh-mla-bjp-denied-entry-village-votes-video-bihar-jdu-mla-factcheck-15324,article_like,True,dev,train,train,train,train
hmx-0600,3067,"Shiv Bhagwan ke taandav ki tarah, ek din ki baarish mein Chennai ne aise naacha jaise tair raha ho.","Chennai danced like Lord Shiva's cosmic dance, as if it was swimming through a single day of heavy rain.",fake,CONTRADICTED,query_images\hmx-0600.png,https://www.boomlive.in/fact-check/politics/viral-photo-chennai-recent-heavy-rainfall-effect-old-image-from-gujarat-15473,evdoc-830fe9c59cd178d7,True,True,True,https://www.boomlive.in/fact-check/politics/viral-photo-chennai-recent-heavy-rainfall-effect-old-image-from-gujarat-15473,article_like,True,test,train,train,train,test
hmx-0601,3068,"Yeh building Taipei, Taiwan mein hai, jismein 101 floors hain, aur yeh Diwali ke dauraan roshan ki gayi thi.",Taipei ki 101-floor wali building Diwali par roshan ki gayi thi.,fake,CONTRADICTED,query_images\hmx-0601.png,https://www.boomlive.in/fact-check/entertainment/fake-news-new-years-eve-fireworks-at-taiwan-shared-as-recent-diwali-celebration-15504,evdoc-1c350ec0a79cc025,True,True,True,https://www.boomlive.in/fact-check/entertainment/fake-news-new-years-eve-fireworks-at-taiwan-shared-as-recent-diwali-celebration-15504,article_like,True,dev,train,train,train,dev
hmx-0602,3069,"#PakistanvsAustralia match ke beech lage ""Bharat Mata ki Jai"" aur ""Vande Mataram"" ke naare, dekhiye","During the Pakistan vs Australia match, slogans like ""Bharat Mata Ki Jai"" and ""Vande Mataram"" were reportedly raised.",fake,CONTRADICTED,query_images\hmx-0602.png,https://www.boomlive.in/fact-check/sports/viral-video-australian-cheering-for-india-defeating-pakistan-world-cup-semi-final-old-video-15552,evdoc-cd4e36ca1bcddc3d,True,True,True,https://www.boomlive.in/fact-check/sports/viral-video-australian-cheering-for-india-defeating-pakistan-world-cup-semi-final-old-video-15552,article_like,True,train,train,train,train,train
hmx-0603,3070,"Tripura ke Musalmanon ke liye dua karein sabhi. Bharat ke ek chhote rajya Tripura mein ab tak 16 masjidon mein aag lagaayi gayi hai aur kai gharon mein aagzani ki gayi hai. Tripura ke Musalmanon ke liye dua karein. Bharat ke Tripura rajya mein Musalmanon par zyada dino se hamle ho rahe hain. Masjiden jalayi ja rahi hain, dukaanon aur gharon mein aag lagaayi ja rahi hai. Police ki maujoodgi mein kuch ugr Hindu sangathan aur bade dalon ke log ye sab kar rahe hain. Lekin prashasan ki taraf se ab tak koi karwai nahi hui hai. Bharat ki mukhyadhara media aur dharmik sangathan is par chup hain. Muslim rajneetik neta bhi kuch nahi bol rahe.Tripura mein jo kuch ho raha hai, woh insaniyat aur manavta ki hatya hai. Hum sabko ekjut hokar awaaz uthani chahiye. Ant tak Allah ko mat chhodo, kisi ko mat chhodo!","The post claims that Muslims in Tripura are being attacked, with reports of 16 mosques and many homes being set on fire. It accuses certain extremist groups of carrying out the violence while the administration and mainstream media remain silent. The message urges people to raise their voices and stand in solidarity with the affected community.",fake,CONTRADICTED,query_images\hmx-0603.png,https://www.boomlive.in/fact-check/politics/peer-dastageer-sahib-shrine-photo-from-kashmir-falsely-shared-as-mosque-set-ablaze-in-tripura-15708,evdoc-f21ae84a44e44446,True,True,True,https://www.boomlive.in/fact-check/politics/peer-dastageer-sahib-shrine-photo-from-kashmir-falsely-shared-as-mosque-set-ablaze-in-tripura-15708,article_like,True,train,dev,train,train,test
hmx-0604,3071,Babri Masjid ki purani pic,The post claims to potrays old pic of interior of babri masjid,fake,CONTRADICTED,query_images\hmx-0604.png,https://www.boomlive.in/fast-check/viral-photo-old-babri-masjid-ayodhya-uttar-pradesh-turkey-mosque-15892,evdoc-e35cebe75b0b7beb,True,True,True,https://www.boomlive.in/fast-check/viral-photo-old-babri-masjid-ayodhya-uttar-pradesh-turkey-mosque-15892,article_like,True,train,train,train,train,train
hmx-0605,3072,love jihad mai nabalik hindu ladkio ko kese akbar babur kai haram ki ye najayaz olade fsate hai ye video dekho aur aas paas apni aakhe khuli rakho dusro ko bhi btao,"The post claims that guys, calling themselves akbar, babur decendents harrase hindu women and do love jihad",fake,CONTRADICTED,query_images\hmx-0605.png,https://www.boomlive.in/fact-check/politics/viral-video-love-jihad-school-going-girl-fake-news-16077,evdoc-1b512f0e254726c6,True,True,True,https://www.boomlive.in/fact-check/politics/viral-video-love-jihad-school-going-girl-fake-news-16077,article_like,True,dev,train,test,retired_v5_test,retired_prior
hmx-0606,3073,Ajay Singh Bisht ko baune par throughout ke chal jahoorn na bahut beizzati hoi...Gajab beizzati hai! 😜😂,This post claims Ajay Singh Bisht was thoroughly humiliated because of a short person during the entire event...What an embarrassment!,fake,CONTRADICTED,query_images\hmx-0606.png,https://www.boomlive.in/fact-check/politics/viral-video-bjp-leader-actor-ravi-kishan-yogi-adityanath-uttar-pradesh-assembly-elections-2022-fake-news-16652,evdoc-03f8f864f2a0b4f1,True,True,True,https://www.boomlive.in/fact-check/politics/viral-video-bjp-leader-actor-ravi-kishan-yogi-adityanath-uttar-pradesh-assembly-elections-2022-fake-news-16652,article_like,True,dev,dev,train,train,test
hmx-0607,3074,"""Shabaash mere Sanatani bachcho, Karnataka ke bachcho ko dekhkar ab lagta hai ki nai peedhi Sanatan dharm ki raksha ke liye zyada sachchet hai. Humse zyada sachchet hai, hamari bhoomika keval itni hi hai ki hum dharm raksha ke liye bachchon ko rokein nahi, balki prerit karein!""","This post claims that children in Karnataka are actively defending Sanatan Dharma, and suggests that the new generation is more aware and devoted than the older one. It encourages adults not to stop them but to support and inspire them in protecting their faith.",fake,CONTRADICTED,query_images\hmx-0607.png,https://hindi.boomlive.in/fact-check/karnataka-hindu-students-rally-against-hijab-row-viral-video-fake-news-fact-check-16781,evdoc-da60792cf696e8b5,True,True,True,https://hindi.boomlive.in/fact-check/karnataka-hindu-students-rally-against-hijab-row-viral-video-fake-news-fact-check-16781,article_like,True,train,train,train,train,train
hmx-0608,3075,"Modi ne Bharat ke sabse bade rajya mein zabardast chunavi jeet haasil ki. ""Bas zoom karein aur dekhein ki New York Stock Exchange ki digital display par kya dikh raha hai.""",This post claims that a digital display at the New York Stock Exchange showed a message about Modi winning a landslide election victory in India’s biggest state.,fake,CONTRADICTED,query_images\hmx-0608.png,https://www.boomlive.in/fact-check/politics/fake-news-viral-2017-photo-canary-wharf-in-london-united-kingdom-falsely-shared-new-york-stock-exchange-17154,evdoc-67d95fb50213b2ae,True,True,True,https://www.boomlive.in/fact-check/politics/fake-news-viral-2017-photo-canary-wharf-in-london-united-kingdom-falsely-shared-new-york-stock-exchange-17154,article_like,True,test,dev,train,test,retired_prior
hmx-0609,3076,"""Hindu bahin betiyon se nivedan hai ki Muslimon ki dukaan par na jaayein. Ye galat mansikta ke log hain, inki gandi soch hai. Inse kapde, mehndi, chudi ya aur bhi kisi prakaar ka saamaan na lein, aur naa hi apni kisi bahan beti ko lene dein...""","This post claims that Hindu women and girls should avoid visiting shops owned by Muslims, alleging they have a bad mindset and intentions. It urges people not to buy clothes, mehndi, bangles, or any items from them and to prevent their sisters or daughters from doing so as well.",fake,CONTRADICTED,query_images\hmx-0609.png,https://bangla.boomlive.in/fact-check/fact-check-viral-video-tailor-muslim-hindu-woman-molestation-communal-spin-fake-news-youtube-awareness-video-17388,evdoc-ba332f2876ad2588,True,True,True,https://bangla.boomlive.in/fact-check/fact-check-viral-video-tailor-muslim-hindu-woman-molestation-communal-spin-fake-news-youtube-awareness-video-17388,article_like,True,train,train,test,retired_v5_test,retired_prior
hmx-0610,3077,Maharashtra ke Isaai school mein ek Muslim teacher ne zabran ladkiyon ko school mein namaaz padhwai thi. Phir Raj Thackeray ki MNS ke karyakarta ne usi Muslim ke paas se kesariya khaas pehnwaya. Jai Shri Ram,"This post claims that in a Christian school in Maharashtra, a Muslim teacher allegedly forced girls to offer namaz (Islamic prayer), and later, a worker from Raj Thackeray’s MNS party made that same teacher wear a saffron scarf as a form of protest.",fake,CONTRADICTED,query_images\hmx-0610.png,https://www.boomlive.in/fact-check/politics/viral-video-mns-worker-muslim-teacher-saffron-scarves-female-students-namaz-fil-theatre-the-kashmir-files-17508,evdoc-7eb67289efea2570,True,True,True,https://www.boomlive.in/fact-check/politics/viral-video-mns-worker-muslim-teacher-saffron-scarves-female-students-namaz-fil-theatre-the-kashmir-files-17508,article_like,True,test,train,train,train,test
hmx-0611,3078,"AJ THACKERAY EFFECT IN PARIS......Paris mein, jab Muslims road par namaz padhte hain aur sadak block karte hain, tab unhe French citizens dwara French National Anthem ke zor se gaane ke saath jawab milta hai...","This post claims that in Paris, when Muslims offer prayers on the roads and block streets, French citizens respond by loudly singing the French national anthem as a form of protest — and attributes this trend to the influence of Raj Thackeray.",fake,CONTRADICTED,query_images\hmx-0611.png,https://www.boomlive.in/fact-check/politics/viral-video-france-protest-hanuman-chalisa-row-raj-thackeray-old-video-social-media-17658,evdoc-e83e4a6ed3c246dc,True,True,True,https://www.boomlive.in/fact-check/politics/viral-video-france-protest-hanuman-chalisa-row-raj-thackeray-old-video-social-media-17658,article_like,True,train,train,train,train,test
hmx-0612,3079,"Yaqeen ho ya na ho, yeh Paris hai. Haan, fashion city Paris — SECULAR France mein.","This post claims that a massive gathering of people seen praying on the streets is from Paris, the fashion capital of secular France.",fake,CONTRADICTED,query_images\hmx-0612.png,https://www.boomlive.in/fact-check/politics/fake-news-viral-video-namaz-on-road-moscow-russia-falsely-shared-as-paris-france-namaz-on-road-factcheck-17818,evdoc-8f8c7c9d9d37797a,True,True,True,https://www.boomlive.in/fact-check/politics/fake-news-viral-video-namaz-on-road-moscow-russia-falsely-shared-as-paris-france-namaz-on-road-factcheck-17818,article_like,True,train,train,train,train,dev
hmx-0613,3080,Isne jeevan mein na Google mein” “Na naukri ki” “Investment ki power”,"This post claims that the person shown (Warren Buffett) never worked at Google or held any job, and his success is purely due to the power of investment.",fake,CONTRADICTED,query_images\hmx-0613.png,https://www.boomlive.in/fact-check/business/does-warren-buffet-earn-1500-crores-yearly-from-google-a-factcheck-17822,evdoc-6f7b93d8c6d0ab8d,True,True,True,https://www.boomlive.in/fact-check/business/does-warren-buffet-earn-1500-crores-yearly-from-google-a-factcheck-17822,article_like,True,test,train,train,train,train
hmx-0614,3081,"Priyanka Chopra ne diya kada jawaab maathay par nakli aankh rakhne wala Shankar Bhagwan apne bete ko nahi pehchaan saka, us dharm ke maanne waale nibhaari tumko kya ghanta pehchaanega!","This post claims that Priyanka Chopra gave a strong response criticizing a religious belief, saying that even Lord Shankar (Shiva), who has a third eye on his forehead, couldn't recognize his own son — so how would followers of such a religion recognize anything.",fake,CONTRADICTED,query_images\hmx-0614.png,https://www.boomlive.in/fact-check/politics/viral-graphic-actor-priyanka-chopra-quote-lord-shiva-hinduism-social-media-18018,evdoc-69b93e990b452f0c,True,True,True,https://www.boomlive.in/fact-check/politics/viral-graphic-actor-priyanka-chopra-quote-lord-shiva-hinduism-social-media-18018,article_like,True,test,train,test,retired_v5_test,retired_prior
hmx-0615,3082,"Wah Modi ji, aapki party ne to Telangana ko bhi Goa bana diya! Kya aish hai! Telangana mein BJP ki daaru party 😜😜😜😜😜","This post claims that BJP organized an alcohol party in Telangana, suggesting that under Prime Minister Modi's leadership, the state has turned into a party destination like Goa.",fake,CONTRADICTED,query_images\hmx-0615.png,https://hindi.boomlive.in/fact-check/bjp-telangana-rally-liquor-pm-modi-viral-video-fact-check-18425,evdoc-bba8ac2fd5a9b51f,True,True,True,https://hindi.boomlive.in/fact-check/bjp-telangana-rally-liquor-pm-modi-viral-video-fact-check-18425,article_like,True,train,train,train,train,test
hmx-0616,3083,Ek vinamr anusmarak Jis din ek Adivasi mahila Bharat ki Rashtrapati banegi Us din desh mein aarakshan samapt kar dena chahiye. Dr. Bhimrao Ramji Ambedkar,"This post claims that Dr. B. R. Ambedkar said reservation in India should be abolished when a tribal woman becomes the President of India. However, the image is marked as FAKE, indicating that this quote is falsely attributed to Ambedkar.",fake,CONTRADICTED,query_images\hmx-0616.png,https://www.boomlive.in/fact-check/politics/fake-news-dr-br-ambedkar-fake-quote-reservation-tribal-woman-president-factcheck-18717,evdoc-c2544bfbafe4a595,True,True,True,https://www.boomlive.in/fact-check/politics/fake-news-dr-br-ambedkar-fake-quote-reservation-tribal-woman-president-factcheck-18717,article_like,True,train,dev,train,train,dev
hmx-0617,3084,Urja. Utsaah.,"This post claims to show a massive enthusiastic crowd at a BJP event in Mangaluru, as tweeted by Amit Malviya. However, the image is marked as MISLEADING, suggesting that the visuals or context have been misrepresented.",fake,CONTRADICTED,query_images\hmx-0617.png,https://hindi.boomlive.in/fact-check/pm-narendra-modi-kolkata-rally-old-video-viral-fake-claim-fact-check-19114,evdoc-42956264af56abac,True,True,True,https://hindi.boomlive.in/fact-check/pm-narendra-modi-kolkata-rally-old-video-viral-fake-claim-fact-check-19114,article_like,True,test,train,dev,dev,retired_prior
hmx-0638,3191,"""Air India ki Chicago-Delhi flight mein passengers se toilet use karne ke paise liye gaye, koi social distancing nahi thi, aur Air India ne is flight se bada profit kamaya. Kya paisa kamana hi bas eklauta goal hai?""","""On the Air India Chicago-Delhi flight, passengers were charged to use the toilet, there was no social distancing, and Air India made a huge profit from this flight. Is earning money the only goal?""",fake,CONTRADICTED,query_images\hmx-0638.png,https://www.boomlive.in/fact-check/air-india-flight-return-chicago-toilets-clogged-issue-old-video-misreported-indian-news-outlets-28005,evdoc-9ea049f0bde6a539,True,True,True,https://www.boomlive.in/fact-check/air-india-flight-return-chicago-toilets-clogged-issue-old-video-misreported-indian-news-outlets-28005,article_like,True,train,dev,dev,dev,retired_prior
hmx-0639,3192,Sarkar ka roadmap Covid-19 restrictions ko kam karne ke liye 5 phases mein hoga. Har phase 3 hafte ke review ke baad hoga. Yeh phases shuru honge in tareekhon se: Phase 1 – 18 May Phase 2 – 8 June Phase 3 – 29 June Phase 4 – 20 July Phase 5 – 10 August,"**""The government's roadmap to ease Covid-19 restrictions will happen in 5 phases. Each phase will be reviewed every 3 weeks. These are the phase start dates:Phase 1 – 18 May, Phase 2 – 8 June,Phase 3 – 29 June, Phase 4 – 20 July,Phase 5 – 10 August""**",fake,CONTRADICTED,query_images\hmx-0639.png,https://www.boomlive.in/fact-check/fake-roadmap-covid19-restrictions-india-ireland-pib-factcheck-8286,evdoc-b163130e20b4c90b,True,True,True,https://www.boomlive.in/fact-check/fake-roadmap-covid19-restrictions-india-ireland-pib-factcheck-8286,article_like,True,train,train,train,train,test
hmx-0640,3193,"""Naye Bharat ki taakat... RAM NAVAMI ka celebration Burj Khalifa, Dubai mein hua...""","""The strength of New India… RAM NAVAMI celebration was held at Burj Khalifa, Dubai...""",fake,CONTRADICTED,query_images\hmx-0640.png,https://www.boomlive.in/fact-check/photo-of-lord-ram-on-burj-khalifa-fake-ram-navami-celebration-dubai-viral-image-fact-check-24506,evdoc-21d747ec305b0898,True,True,True,https://www.boomlive.in/fact-check/photo-of-lord-ram-on-burj-khalifa-fake-ram-navami-celebration-dubai-viral-image-fact-check-24506,article_like,True,dev,train,train,train,train
hmx-0641,3194,“Ye video dikhata hai Bharat ke Hindu ladkiyon ki halat West Bengal mein jahan Mamata Banerjee Chief Minister hain. Koi kanoon‑vyavastha nahi. Rohingya shamil hain. Kripya is video ko jitna ho sake zyada logo tak forward karein takki Home Minister Amit Shah ji tak pahunch sake.”,"""This video shows the condition of Hindu girls in West Bengal where Mamata Banerjee is the Chief Minister. No law and order. Rohingyas are involved. Please forward this video as much as possible so that it reaches Home Minister Amit Shah.""",fake,CONTRADICTED,query_images\hmx-0641.png,https://www.boomlive.in/fact-check/viral-video-west-bengal-hindu-woman-muslim-attack-communal-claim-online-social-media-25966,evdoc-22e3080dff0d81ed,True,True,True,https://www.boomlive.in/fact-check/viral-video-west-bengal-hindu-woman-muslim-attack-communal-claim-online-social-media-25966,article_like,True,dev,train,train,train,train
hmx-0642,3195,“Bangladeshi Hindu yuvaon ke saath atyachaar ho raha hai — Rohingya ismein shamil hain. Bharatiyon ko jagna chahiye.”,"""Bangladeshi Hindu youths are being tortured — Rohingyas are involved in this. Indians must wake up.""",fake,CONTRADICTED,query_images\hmx-0642.png,https://www.boomlive.in/fact-check/pakistan-hindu-man-attack-old-video-shared-as-telangana-communal-claim-fact-check-27953,evdoc-1addf9d6e2cfcb74,True,True,True,https://www.boomlive.in/fact-check/pakistan-hindu-man-attack-old-video-shared-as-telangana-communal-claim-fact-check-27953,article_like,True,dev,train,train,train,test
hmx-0652,3211,"4 km lambi Rack train 4 engines ke saath, power plants ko coal supply karne ke liye war footing par chalayi ja rahi hai. Yeh hai #Modigovt aur @narendramodi ji ka #NewIndia!","A 4 km long Rack train with 4 engines is being urgently operated to deliver coal to power plants, showcasing Modi government's #NewIndia.",real,SUPPORTED,query_images\hmx-0652.png,https://www.news18.com/news/india/railways-runs-4-km-long-goods-train-with-4-engines-to-supply-coal-to-power-plants-4347326.html,evdoc-f68d390f6464252b,True,True,True,https://www.news18.com/news/india/railways-runs-4-km-long-goods-train-with-4-engines-to-supply-coal-to-power-plants-4347326.html,article_like,True,train,dev,train,train,train
hmx-0654,3213,"""Patthar jisme Sita Mata Ashok Vatika mein baithi thi, usse Sri Lanka se Ayodhya laya gaya Bolo Jai Siya Ram Happy #Diwali """,The rock where Sita Mata sat in Ashok Vatika has been brought to Ayodhya from Sri Lanka—Jai Siya Ram and Happy Diwali.,fake,CONTRADICTED,query_images\hmx-0654.png,https://www.altnews.in/fact-check-the-rock-on-which-sita-used-to-sit-in-ashok-vatika-bought-to-india-from-srilanka,evdoc-38a2f8399a2b89d1,True,True,True,https://www.altnews.in/fact-check-the-rock-on-which-sita-used-to-sit-in-ashok-vatika-bought-to-india-from-srilanka,article_like,True,dev,train,train,train,train
hmx-0655,3214,Mera Uttar Pradesh Uttar Pradesh mein Berozgaari Dar: (CMIE) 2017 – 17.5% 2021 – 4.2% Aaj UP ka Ease of Doing Business Ranking (World Bank Data ke mutaabiq) 2017 – 12 2020 – 2,"Uttar Pradesh's unemployment dropped from 17.5% (2017) to 4.2% (2021), and its Ease of Doing Business rank improved from 12 (2017) to 2 (2020).",fake,CONTRADICTED,query_images\hmx-0655.png,https://www.boomlive.in/fact-check/politics/uttar-pradesh-unemployment-rate-175-42-2017-2021-under-yogi-adityanath-jobs-in -up-fact-check-15674,evdoc-ea4166932a7d64c0,True,True,True,https://www.boomlive.in/fact-check/politics/uttar-pradesh-unemployment-rate-175-42-2017-2021-under-yogi-adityanath-jobs-in -up-fact-check-15674,article_like,True,train,dev,train,train,test
hmx-0660,3219,Punjab ranga gaya hai Yeh us samay ka chitr hai jab in chaaron ko bike chori ke apradh mein Punjab Police ne pakad liya tha,This image shows the moment when Punjab Police caught these four individuals for the crime of bike theft—Punjab is now painted with such scenes.,fake,CONTRADICTED,query_images\hmx-0660.png,https://www.boomlive.in/fact-check/politics/viral-photo-bhagwant-mann-bike-stealing-punjab-police-holi-celebration-old-photo-social-media-17349,evdoc-41b4417dfde7bc8b,True,True,True,https://www.boomlive.in/fact-check/politics/viral-photo-bhagwant-mann-bike-stealing-punjab-police-holi-celebration-old-photo-social-media-17349,article_like,True,test,train,train,train,train
hmx-0663,3222,"Thaila hatane gaye head constable ka muh dabochha, maafi mangvakar hi chhoda Jodhpur ki ghatna","In Jodhpur, a head constable trying to remove a street cart was grabbed by the face and released only after being forced to apologize.",real,SUPPORTED,query_images\hmx-0663.png,https://www.bhaskar.com/news/c-20-900631-jd0317-NOR.html,evdoc-046b960c331d8524,True,True,True,https://www.bhaskar.com/news/c-20-900631-jd0317-NOR.html,article_like,True,dev,train,train,train,train
hmx-0666,3225,Arnab Goswami Maharashtra ki sarkar girane ki khushi me,Arnab Goswami seen celebrating the fall of the Maharashtra government.,fake,CONTRADICTED,query_images\hmx-0666.png,https://www.boomlive.in/fact-check/politics/fact-check-viral-video-arnab-goswami-dancing-republic-tv-mva-uddhav-thackeray-maha-vikas-aghadi-18397,evdoc-bcf374b2d52e476f,True,True,True,https://www.boomlive.in/fact-check/politics/fact-check-viral-video-arnab-goswami-dancing-republic-tv-mva-uddhav-thackeray-maha-vikas-aghadi-18397,article_like,True,train,train,train,train,train
hmx-0667,3226,"Saugata Roy, jo Trinamool Congress ke MP hain, unko Arpita Mukherjee ke saath dance karte hue dikhaya gaya hai – kitna sharmnaak! Game abhi shuru hua hai! Dekhna hai agle kaun hai! Education department ke recruitment scam ke baad, bade logon ka naam bhi saamne aayega. Kolkata Mayor par bhi enquiry honi chahiye. #FirhadHakim","Trinamool MP Saugata Roy seen dancing with Arpita Mukherjee amid shameful scenes, hinting at deeper involvement after the Education Department recruitment scam, with calls for probing even Kolkata Mayor Firhad Hakim.",fake,CONTRADICTED,query_images\hmx-0667.png,https://www.boomlive.in/fact-check/saugata-roy-dance-arpita-mukherjee-ssc-scam-video-fake-news-17741,evdoc-2c3aae88fed7e052,True,True,True,https://www.boomlive.in/fact-check/saugata-roy-dance-arpita-mukherjee-ssc-scam-video-fake-news-17741,article_like,True,dev,dev,train,train,test
hmx-0672,3231,Sаudi team ko Argentina se jeetne par Crown Prince Mohammed bin Salman har player ko Rolls‑Royce Phantom gift denge,Saudi Arabia’s players will each be gifted a Rolls-Royce Phantom by Crown Prince Mohammed bin Salman for their victory over Argentina in the FIFA World Cup group match.,fake,CONTRADICTED,query_images\hmx-0672.png,https://www.ndtv.com/world-news/fifa-world-cup-2022-saudi-arabia-coach-denies-players-will-get-rolls-royce-after-argentina-win-3556816,evdoc-9dab8e9fc41fbceb,True,True,True,https://www.ndtv.com/world-news/fifa-world-cup-2022-saudi-arabia-coach-denies-players-will-get-rolls-royce-after-argentina-win-3556816,article_like,True,train,train,dev,dev,retired_prior
hmx-0681,3416,Vice President Jagdeep Dhankhar ke shock exit ka kya kaaran bana,What led to Vice President Jagdeep Dhankhar's shock exit,real,SUPPORTED,query_images\hmx-0681.jpg,https://economictimes.indiatimes.com/news/india/jagdeep-dhankhar-resigns-as-vice-president-what-the-constitution-says-happens-next/articleshow/122824472.cms,evdoc-81c9f376b8788dae,True,True,True,https://economictimes.indiatimes.com/news/india/jagdeep-dhankhar-resigns-as-vice-president-what-the-constitution-says-happens-next/articleshow/122824472.cms,article_like,True,test,train,train,train,train
hmx-0682,3417,One Direction ke 15 saal ka jashn – wo band jisne ek poori generation ko badal diya,Celebrating 15 years of One Direction – the band that changed a generation,real,SUPPORTED,query_images\hmx-0682.jpg,https://people.com/amazing-one-direction-throwback-photos-11777537,evdoc-8fcbb3318697a68d,True,True,True,https://people.com/amazing-one-direction-throwback-photos-11777537,article_like,True,train,train,dev,dev,retired_prior
hmx-0683,3419,Hostel room se war zone tak: 20 saal ke engineers ne banaye Indian Army ke liye Kamikaze drones,From hostel room to war zone: 20-year-old engineer build kamikaze drones for indian army,real,SUPPORTED,query_images\hmx-0683.jpg,https://economictimes.indiatimes.com/news/defence/real-life-3-idiots-joy-lobo-two-20-year-olds-built-300-kmph-kamikaze-drones-in-a-hostel-room-now-the-indian-army-is-buying-it/articleshow/122828544.cms,evdoc-02ba2c5ff4b2a3de,True,True,True,https://economictimes.indiatimes.com/news/defence/real-life-3-idiots-joy-lobo-two-20-year-olds-built-300-kmph-kamikaze-drones-in-a-hostel-room-now-the-indian-army-is-buying-it/articleshow/122828544.cms,article_like,True,dev,train,test,retired_v5_test,retired_prior
hmx-0684,3421,VS Achuthanandan ki antim yatra 22 ghante tak chali jaise hi bheed jama ho gayi,VS Achuthanandan's funeral procession stretches to 22 hours as huge crowds gather,real,SUPPORTED,query_images\hmx-0684.jpg,https://timesofindia.indiatimes.com/india/red-crusader-and-the-last-of-cpms-founders-ex-cm-of-kerala-vs-achuthanandan-dies-at-101/articleshow/122823332.cms,evdoc-f5c6ea00c9353cd4,True,False,False,https://timesofindia.indiatimes.com/india/red-crusader-and-the-last-of-cpms-founders-ex-cm-of-kerala-vs-achuthanandan-dies-at-101/articleshow/122823332.cms,article_like,True,train,train,dev,dev,retired_prior
hmx-0685,3422,"Nakli embassy, nakli ambassador, jhoote foreign ministry ke seals...","Fake embassy, fake ambassador, forged foreign ministry seals...",real,SUPPORTED,query_images\hmx-0685.jpg,https://www.indiatoday.in/india/story/who-is-harsh-vardhan-jain-londonia-envoy-caught-for-running-fake-embassy-2760144-2025-07-23,evdoc-47398d11e3adce3f,True,True,True,https://www.indiatoday.in/india/story/who-is-harsh-vardhan-jain-londonia-envoy-caught-for-running-fake-embassy-2760144-2025-07-23,article_like,True,test,test,train,train,dev
hmx-0686,3423,"Rajnigandha se lekar gaay ka mutra tak, YouTuber Karl Rock ne foreigners ko ‘Indian flavours’ try karwaye aur unki reactions bilkul mast thi","From Rajnigandha to cow urine, YouTuber Karl Rock serves ‘Indian flavours’ to foreigners and their reactions are pure gold",real,SUPPORTED,query_images\hmx-0686.jpg,https://www.indiatimes.com/trending/from-rajnigandha-to-cow-urine-youtuber-karl-rock-serves-indian-flavours-to-foreigners-and-their-reactions-are-pure-gold/articleshow/122836412.html,evdoc-917265fc0df57aab,True,True,True,https://www.indiatimes.com/trending/from-rajnigandha-to-cow-urine-youtuber-karl-rock-serves-indian-flavours-to-foreigners-and-their-reactions-are-pure-gold/articleshow/122836412.html,article_like,True,train,train,dev,dev,retired_prior
hmx-0687,3424,Air India ke plane ki tail landing ke baad Delhi Airport par aag lag gayi; passengers surakshit hain,Air India Plane’s Tail Catches Fire after Landing at Delhi Airport; Passengers Safe,real,SUPPORTED,query_images\hmx-0687.jpg,https://www.hindustantimes.com/india-news/air-india-plane-catches-fire-after-landing-at-delhi-airport-probe-underway-101753187354727.html,evdoc-ee3e4951bced5c15,True,True,True,https://www.hindustantimes.com/india-news/air-india-plane-catches-fire-after-landing-at-delhi-airport-probe-underway-101753187354727.html,article_like,True,train,train,train,train,train
hmx-0689,3430,Kerala Airport chhod diya hai baad mein 5 hafton tak atka rehne ke.,LEAVES KERALA AIRPORT AFTER BEING STRANDED FOR 5 WEEKS,real,SUPPORTED,query_images\hmx-0689.jpg,https://timesofindia.indiatimes.com/city/kochi/100m-f-35-stuck-in-kerala-after-five-weeks-stranded-uk-fighter-jet-to-leave-india-tomorrow/articleshow/122808010.cms,evdoc-530a2c00e1012db5,True,True,True,https://timesofindia.indiatimes.com/city/kochi/100m-f-35-stuck-in-kerala-after-five-weeks-stranded-uk-fighter-jet-to-leave-india-tomorrow/articleshow/122808010.cms,article_like,True,test,test,train,test,retired_prior
hmx-0691,3432,"‘F*ck off, Indians’: Ek Indian student par Australia mein jaati-bhedbhav ke chalte brutal hamla, sadak ke beech chhod diya marne ke liye | VIDEO dekhein 5 aadmiyon ne metal knuckles se us par sadak ke beech hamla kiya.","F*ck off, Indians':Indian student brutally attacked by racists, left to die in Australia over skin colour | WATCH. 5 men wielding metal knuckles attacked him in the middle of road.",real,SUPPORTED,query_images\hmx-0691.jpg,https://www.indiatimes.com/trending/attacked-with-slurs-and-punches-indian-student-hospitalised-after-racist-street-assault-in-adelaide-one-held-664668.html,evdoc-0fed138a2cfa6ef6,True,True,True,https://www.indiatimes.com/trending/attacked-with-slurs-and-punches-indian-student-hospitalised-after-racist-street-assault-in-adelaide-one-held-664668.html,article_like,True,dev,train,test,retired_v5_test,retired_prior
hmx-0692,3433,"19 Saal Kis Liye?"": Mumbai Ka Baap Victim Par Court Ka Faisla Sunne Ke Baad Gussa Kiya","19 Years For What Purpose?"": Father Of Mumbai Blasts Victim On Court Verdict",real,SUPPORTED,query_images\hmx-0692.jpg,https://timesofindia.indiatimes.com/city/mumbai/12-lives-19-years-44000-pages-bombay-hc-tears-apart-2006-train-blasts-case-merchants-of-death-who-escaped-noose-life-term/articleshow/122825178.cms,evdoc-1d280bcced229be9,True,True,True,https://timesofindia.indiatimes.com/city/mumbai/12-lives-19-years-44000-pages-bombay-hc-tears-apart-2006-train-blasts-case-merchants-of-death-who-escaped-noose-life-term/articleshow/122825178.cms,article_like,True,dev,train,test,retired_v5_test,retired_prior
hmx-0694,3435,Rahman ne US concert mein Chris Martin jaisa act kiya Coldplay kiss cam row ke beech,Rahman pulls off a Chris Martin at US concert amid Coldplay kiss cam row,real,SUPPORTED,query_images\hmx-0694.png,https://www.indiatoday.in/entertainment/music/story/ar-rahman-coldplay-christ-martin-us-concert-kiss-came-row-2759882-2025-07-23,evdoc-c07fb1ba98c0eee8,True,True,True,https://www.indiatoday.in/entertainment/music/story/ar-rahman-coldplay-christ-martin-us-concert-kiss-came-row-2759882-2025-07-23,article_like,True,train,test,train,train,dev
hmx-0695,3436,SBI ne Reliance Communications aur promoter Anil Ambani ko 'Fraud' declare kiya,"SBI Classifies Reliance Communications, Promoter Anil Ambani As 'Fraud'",real,SUPPORTED,query_images\hmx-0695.png,https://www.ndtv.com/india-news/sbi-to-report-anil-ambani-to-rbi-classify-rcom-account-as-fraud-8813238,evdoc-343f817878851f78,True,True,True,https://www.ndtv.com/india-news/sbi-to-report-anil-ambani-to-rbi-classify-rcom-account-as-fraud-8813238,article_like,True,dev,dev,train,test,retired_prior
hmx-0698,3439,"Bubbles tootne wale hain': Robert Kiyosaki ne Gold, Silver, Bitcoin crash ki future prediction ki","Bubbles are about to start busting': Robert Kiyosaki predicts crash for Gold, Silver, Bitcoins",real,SUPPORTED,query_images\hmx-0698.png,https://www.businesstoday.in/latest/in-focus/story/bubbles-are-about-to-start-bursting-robert-kiyosaki-predicts-crash-for-gold-silver-bitcoin-437129-2025-07-15,evdoc-2fe5099b58ad904d,True,True,True,https://www.businesstoday.in/latest/in-focus/story/bubbles-are-about-to-start-bursting-robert-kiyosaki-predicts-crash-for-gold-silver-bitcoin-437129-2025-07-15,article_like,True,dev,test,train,train,train
hmx-0700,3441,"SC ne techie wife ko daanta jo 18 mahine ki shaadi ke baad Rs 12 cr, luxury flat aur BMW maang rahi thi","SC raps techie wife for demanding Rs 12 cr, luxury flat, BMW alimony after 18-month marriage",fake,CONTRADICTED,query_images\hmx-0700.png,https://www.indiatoday.in/india/law-news/story/supreme-court-cji-gavai-blasts-woman-demanding-rs-12-crore-mumbai-flat-bmw-alimony-2759656-2025-07-22,evdoc-d22633493a72d3b2,True,True,True,https://www.indiatoday.in/india/law-news/story/supreme-court-cji-gavai-blasts-woman-demanding-rs-12-crore-mumbai-flat-bmw-alimony-2759656-2025-07-22,article_like,True,train,train,dev,dev,retired_prior
hmx-0704,3460,"""Surat ke beach par ek Mercedes car stunt fail hone ke baad fas gayi.""","""A Mercedes car got stuck on a beach in Surat after a stunt attempt went wrong.""",real,SUPPORTED,query_images\hmx-0704.png,https://indianexpress.com/article/trending/trending-in-india/mercedes-stuck-dumas-beach-surat-video-goes-viral-10141521,evdoc-a0d803c26b1460b8,True,True,True,https://indianexpress.com/article/trending/trending-in-india/mercedes-stuck-dumas-beach-surat-video-goes-viral-10141521,article_like,True,train,test,train,train,train
hmx-0705,3461,"40 days after emergency landing: British Navy’s F-35 finally takes-off from India, leaves behind memes","Emergency landing ke 40 din baad: British Navy ka F-35 India se uda, memes chhod gaya",real,SUPPORTED,query_images\hmx-0705.png,https://www.ndtv.com/india-news/f-35b-fighter-leaves-kerala-airport-after-being-stranded-for-5-weeks-8922133,evdoc-89b6c08003e89de0,True,True,True,https://www.ndtv.com/india-news/f-35b-fighter-leaves-kerala-airport-after-being-stranded-for-5-weeks-8922133,article_like,True,dev,train,train,train,train
hmx-0707,3463,Uorfi Javed’s unfiltered look after filler removal shocks internet; netizens say ‘it needs guts’—know dangers of face fillers,Uorfi Javed ka filler hatane ke baad unfiltered look ne internet ko hila diya; log bole ‘himmat chahiye’—face fillers ke nuksan jaaniye,real,SUPPORTED,query_images\hmx-0707.png,https://www.indiatimes.com/trending/uorfi-javeds-unfiltered-look-after-filler-removal-shocks-internet-netizens-say-it-needs-gutsknow-dangers-of-face-fillers-664403.html,evdoc-4160f756dce153c5,True,True,True,https://www.indiatimes.com/trending/uorfi-javeds-unfiltered-look-after-filler-removal-shocks-internet-netizens-say-it-needs-gutsknow-dangers-of-face-fillers-664403.html,article_like,True,test,test,dev,dev,retired_prior
hmx-0708,3464,"""You Hit My Father"": What Sreesanth's Daughter Told Harbhajan After Slapgate","""Aapne mere papa ko maara"": Slapgate ke baad Sreesanth ki beti ne Harbhajan se kya kaha",real,SUPPORTED,query_images\hmx-0708.png,https://sports.ndtv.com/cricket/you-hit-my-father-harbhajan-singh-reveals-s-sreesanths-daughter-shattered-him-after-ipl-slap-gate-8915276,evdoc-7deded0e996f43d8,True,True,True,https://sports.ndtv.com/cricket/you-hit-my-father-harbhajan-singh-reveals-s-sreesanths-daughter-shattered-him-after-ipl-slap-gate-8915276,article_like,True,test,train,test,retired_v5_test,retired_prior
hmx-0709,3465,3 VICE PRESIDENTS. 3 JULY. 3 HISTORIC GOODBYES,3 Vice President. 3 July. 3 Historic Bidaaiyan,real,SUPPORTED,query_images\hmx-0709.png,https://www.hindustantimes.com/india-news/dhankhar-becomes-3rd-vice-president-to-resign-mid-term-who-were-vv-giri-ramaswamy-venkatarama-101753165225502.html,evdoc-56b55cc96428c7a6,True,True,True,https://www.hindustantimes.com/india-news/dhankhar-becomes-3rd-vice-president-to-resign-mid-term-who-were-vv-giri-ramaswamy-venkatarama-101753165225502.html,article_like,True,test,train,train,train,dev
hmx-0710,3467,Employees dance to welcome ‘foreign client’ at their office: Internet calls it modern-day slavery | WATCH,Employees ne office mein ‘foreign client’ ka swagat dance se kiya: Internet bola yeh toh modern slavery hai | WATCH,real,SUPPORTED,query_images\hmx-0710.png,https://m.economictimes.com/news/new-updates/chapri-culture-viral-dance-video-of-indian-origin-professional-dancing-for-goras-at-office-sparks-outrage/articleshow/122848730.cms,evdoc-9e8f45483490e037,True,True,True,https://m.economictimes.com/news/new-updates/chapri-culture-viral-dance-video-of-indian-origin-professional-dancing-for-goras-at-office-sparks-outrage/articleshow/122848730.cms,article_like,True,train,dev,train,train,dev
hmx-0711,3468,‘Fake? AI? Edited?’ Video of Hauz Khas Metro Line Sparks Internet Buzz | WATCH,‘Fake? AI? Edited?’ Hauz Khas Metro Line ka video ne internet par hungama macha diya | WATCH,real,SUPPORTED,query_images\hmx-0711.png,https://www.hindustantimes.com/trending/fake-ai-edited-commuters-form-lines-to-board-delhi-metro-viral-video-shocks-internet-101753165014522.html,evdoc-7f2f946bfc4f7f44,True,True,True,https://www.hindustantimes.com/trending/fake-ai-edited-commuters-form-lines-to-board-delhi-metro-viral-video-shocks-internet-101753165014522.html,article_like,True,test,dev,train,test,retired_prior
hmx-0713,3470,"Bengaluru girl drops friend at airport, friend reaches Dubai but she's still stuck in the traffic, shares ordeal","Bengaluru ki ladki ne dost ko airport chhoda, dost Dubai pahuch gaya par woh abhi bhi traffic mein fasi hai, apni kahani batayi",real,SUPPORTED,query_images\hmx-0713.png,https://www.hindustantimes.com/trending/she-reached-dubai-i-m-still-in-traffic-womans-bengaluru-traffic-nightmare-goes-viral-101753012688382.html,evdoc-3195fb784a7e71c6,True,True,True,https://www.hindustantimes.com/trending/she-reached-dubai-i-m-still-in-traffic-womans-bengaluru-traffic-nightmare-goes-viral-101753012688382.html,article_like,True,dev,train,dev,dev,retired_prior
hmx-0714,3481,Jaipur duniya ka 5th best jagah hai 2025 mein travel karne ke liye. Photos dekhiye.*Source: Travel And Leisure Survey*,JAIPUR IS WORLD’S 5TH BEST PLACE TO TRAVEL IN 2025,real,SUPPORTED,query_images\hmx-0714.png,https://www.ndtv.com/india-news/jaipur-voted-worlds-5th-best-city-by-travel-and-leisures-2025-survey-8918750,evdoc-d78582f1fe5e5928,True,True,True,https://www.ndtv.com/india-news/jaipur-voted-worlds-5th-best-city-by-travel-and-leisures-2025-survey-8918750,article_like,True,train,train,train,train,dev
hmx-0715,3482,Adani University ne ‘Navdiksha 2025’ ke saath industry‑ready cohort shuru kiya.,Adani University Ushers In Industry‑Ready Cohort With 'Navdiksha 2025',real,SUPPORTED,query_images\hmx-0715.png,https://www.ndtv.com/india-news/adani-university-ushers-in-industry-ready-cohort-with-navdiksha-2025-8939780,evdoc-eb237ec5f5965373,True,True,True,https://www.ndtv.com/india-news/adani-university-ushers-in-industry-ready-cohort-with-navdiksha-2025-8939780,article_like,True,train,test,train,train,dev
hmx-0717,3484,Log apne partners ko dhokha dene ke liye iPhone ke Notes app ka galat istemal kar rahe hain.,PEOPLE ARE EXPLOITING IPHONE’S NOTES APP TO CHEAT ON THEIR PARTNERS,real,SUPPORTED,query_images\hmx-0717.png,https://www.ndtv.com/feature/people-are-exploiting-this-iphone-app-to-cheat-on-their-partners-heres-how-8930403,evdoc-5a3129d3bf0bc8b1,True,True,True,https://www.ndtv.com/feature/people-are-exploiting-this-iphone-app-to-cheat-on-their-partners-heres-how-8930403,article_like,True,test,train,train,train,dev
hmx-0718,3485,"Delhi ki ek mahila ne apna hi accident Rapido ride ke dauran record kiya, aur company ne jawaab diya.",Delhi Woman Captures Her Own Accident,real,SUPPORTED,query_images\hmx-0718.png,https://www.ndtv.com/india-news/felt-super-unsafe-delhi-woman-captures-her-own-accident-during-rapido-ride-company-responds-8929531,evdoc-21b38dd204fd5772,True,True,True,https://www.ndtv.com/india-news/felt-super-unsafe-delhi-woman-captures-her-own-accident-during-rapido-ride-company-responds-8929531,article_like,True,dev,train,test,retired_v5_test,retired_prior
hmx-0719,3486,"‘Westarctica’ ka nakli embassy Delhi ke paas pakda gaya, diplomatic plates waali gaadiyan jabt ki gayi.","WESTARCTICA' FAKE EMBASSY BUSTED NEAR DELHI, CARS WITH DIPLOMATIC PLATES SEIZED",real,SUPPORTED,query_images\hmx-0719.png,https://www.ndtv.com/india-news/westarctica-fake-embassy-busted-near-delhi-has-cars-with-diplomatic-plates-8930584,evdoc-e839f40ec906ac50,True,True,True,https://www.ndtv.com/india-news/westarctica-fake-embassy-busted-near-delhi-has-cars-with-diplomatic-plates-8930584,article_like,True,train,train,train,train,train
hmx-0720,3487,"Bleeding Pant ko ambulance mein le jaate hue field se utara gaya, star “zameen par pair rakhne mein mushkil mein…”",Bleeding Pant Taken Off The Field In Ambulance.,real,SUPPORTED,query_images\hmx-0720.png,https://sports.ndtv.com/england-vs-india-2025/bleeding-rishabh-pant-taken-off-the-field-in-ambulance-during-fourth-test-star-struggling-to-put-8935161,evdoc-6f2ff5194c5d76d7,True,True,True,https://sports.ndtv.com/england-vs-india-2025/bleeding-rishabh-pant-taken-off-the-field-in-ambulance-during-fourth-test-star-struggling-to-put-8935161,article_like,True,test,train,dev,dev,retired_prior
hmx-0721,3488,"Ex‑national kabaddi captain Haridwar mein Ganga mein gir gaya, usse bachaya gaya.","Ex‑National Kabaddi Captain Falls Into Ganga In Haridwar, Rescued",real,SUPPORTED,query_images\hmx-0721.png,https://www.ndtv.com/india-news/ex-national-kabaddi-captain-deepak-hooda-falls-into-ganga-in-haridwar-rescued-8933272,evdoc-48144bcfb87d1758,True,True,True,https://www.ndtv.com/india-news/ex-national-kabaddi-captain-deepak-hooda-falls-into-ganga-in-haridwar-rescued-8933272,article_like,True,test,train,train,test,retired_prior
hmx-0722,3489,"Atheist Krishna’, jinke memes ne PM Modi ko muskura diya, pneumonia se wafat pa gaye.","Atheist Krishna’, Whose Memes Made PM Modi Smile, Dies Of Pneumonia",real,SUPPORTED,query_images\hmx-0722.png,https://www.ndtv.com/india-news/atheist-krishna-whose-memes-made-pm-modi-smile-dies-of-pneumonia-gone-too-soon-8929985,evdoc-b4343692016629e2,True,True,True,https://www.ndtv.com/india-news/atheist-krishna-whose-memes-made-pm-modi-smile-dies-of-pneumonia-gone-too-soon-8929985,article_like,True,train,train,test,retired_v5_test,retired_prior
hmx-0723,3490,“Salute”: Anand Mahindra ne 88 saal ke retired police officer ka video share kiya jo Chandigarh ki sadkein safai kar rahe hain.,“Salute”: Anand Mahindra Shares Video Of 88‑Year‑Old Retired Police Officer Cleaning Chandigarh Streets,real,SUPPORTED,query_images\hmx-0723.png,https://www.ndtv.com/offbeat/anand-mahindra-shares-video-of-88-year-old-retired-police-officer-cleaning-chandigarh-streets-salute-to-the-quiet-warrior-8929222,evdoc-e986e313a4d9babe,True,True,True,https://www.ndtv.com/offbeat/anand-mahindra-shares-video-of-88-year-old-retired-police-officer-cleaning-chandigarh-streets-salute-to-the-quiet-warrior-8929222,article_like,True,train,train,train,test,retired_prior
